site,sample,trmt,breadth
tool,40-50-16,before,0.0270934
tool,40-50-16,before,0.0270934
tool,40-50-16,before,0.0220626
tool,40-50-16,before,0.024092
tool,40-50-16,before,0.0242158
tool,40-50-16,before,0.0242518
tool,40-50-16,before,0.0242158
tool,40-50-16,before,0.024092
tool,40-50-16,before,0.0260422
tool,40-50-16,before,0.0230053
tool,40-50-16,before,0.0275588
tool,40-50-16,before,0.0276655
tool,40-50-16,before,0.0386046
tool,40-50-16,before,0.0410973
tool,40-50-16,before,0.0249107
tool,40-50-16,before,0.0329796
tool,40-50-16,before,0.0239781
tool,40-50-16,before,0.024307
tool,40-50-16,before,0.024307
tool,40-50-16,before,0.0242525
tool,40-50-16,before,0.0316338
tool,40-50-16,before,0.0297859
tool,40-50-16,before,0.0269517
tool,40-50-16,before,0.0285817
tool,40-50-16,before,0.0242662
tool,40-50-16,before,0.0269517
tool,40-50-16,before,0.0282382
tool,40-50-16,before,0.037191
tool,40-50-16,before,0.0357382
tool,40-50-16,before,0.0319954
tool,40-50-16,before,0.0310099
tool,40-50-16,before,0.0236054
tool,40-50-16,before,0.0326188
tool,40-50-16,before,0.0331688
tool,40-50-16,before,0.0448818
tool,40-50-16,before,0.0297563
tool,40-50-16,before,0.0298116
tool,40-50-16,before,0.0579354
tool,40-50-16,before,0.0356963
tool,40-50-16,before,0.0555587
tool,40-50-16,before,0.0412751
tool,40-50-16,before,0.0381237
tool,40-50-16,before,0.0258167
tool,40-50-16,before,0.0250894
tool,40-50-16,before,0.0200431
tool,40-50-16,before,0.039487
tool,40-50-16,before,0.0331866
tool,40-50-16,before,0.0344326
tool,40-50-16,before,0.0333925
tool,40-50-16,before,0.0235904
tool,40-50-16,before,0.0333852
tool,40-50-16,before,0.0487785
tool,40-50-16,before,0.0423102
tool,40-50-16,before,0.0347058
tool,40-50-16,before,0.0304062
tool,40-50-16,before,0.0506397
tool,40-50-16,before,0.0392973
tool,40-50-16,before,0.0352137
tool,40-50-16,before,0.0328183
tool,40-50-16,before,0.0486247
tool,40-50-16,before,0.0533121
tool,40-50-16,before,0.0302745
tool,40-50-16,before,0.0287138
tool,40-50-16,before,0.0568119
tool,40-50-16,before,0.038316
tool,40-50-16,before,0.0357719
tool,40-50-16,before,0.0616824
tool,40-50-16,before,0.071303
tool,40-50-16,before,0.0410287
tool,40-50-16,before,0.0602135
tool,40-50-16,before,0.0388077
tool,40-50-16,before,0.0453579
tool,40-50-16,before,0.0576999
tool,40-50-16,before,0.0376974
tool,40-50-16,before,0.0278008
tool,40-50-16,before,0.0320096
tool,40-50-16,before,0.0703405
tool,40-50-16,before,0.0334306
tool,40-50-16,before,0.0313679
tool,40-50-16,before,0.0454645
tool,40-50-16,before,0.0288318
tool,40-50-16,before,0.0545983
tool,40-50-16,before,0.0331723
tool,40-50-16,before,0.0483868
tool,40-50-16,before,0.0576069
tool,40-50-16,before,0.0414556
tool,40-50-16,before,0.0477784
tool,40-50-16,before,0.0513901
tool,40-50-16,before,0.0353331
tool,40-50-16,before,0.0526955
tool,40-50-16,before,0.0557959
tool,40-50-16,before,0.070906
tool,40-50-16,before,0.0445266
tool,40-50-16,before,0.0353308
tool,40-50-16,before,0.0348129
tool,40-50-16,before,0.0446926
tool,40-50-16,before,0.0466156
tool,40-50-16,before,0.0239181
tool,40-50-16,before,0.0422559
tool,40-50-16,before,0.0322338
tool,40-50-16,before,0.0496152
tool,40-50-16,before,0.0451853
tool,40-50-16,before,0.0611007
tool,40-50-16,before,0.0272299
tool,40-50-16,before,0.0392369
tool,40-50-16,before,0.0419371
tool,40-50-16,before,0.028187
tool,40-50-16,before,0.0656223
tool,40-50-16,before,0.0595642
tool,40-50-16,before,0.0565031
tool,40-50-16,before,0.0341354
tool,40-50-16,before,0.049475
tool,40-50-16,before,0.0255789
tool,40-50-16,before,0.0557262
tool,40-50-16,before,0.0323044
tool,40-50-16,before,0.0302279
tool,40-50-16,before,0.0609022
tool,40-50-16,before,0.0574517
tool,40-50-16,before,0.0481781
tool,40-50-16,before,0.0753525
tool,40-50-16,before,0.0577936
tool,40-50-16,before,0.0964287
tool,40-50-16,before,0.0454203
tool,40-50-16,before,0.0632757
tool,40-50-16,before,0.0395702
tool,40-50-16,before,0.0681843
tool,40-50-16,before,0.0664188
tool,40-50-16,before,0.0763711
tool,40-50-16,before,0.0539681
tool,40-50-16,before,0.0595824
tool,40-50-16,before,0.0504199
tool,40-50-16,before,0.0778135
tool,40-50-16,before,0.105764
tool,40-50-16,before,0.0722323
tool,40-50-16,before,0.0613477
tool,40-50-16,before,0.0412341
tool,40-50-16,before,0.0425221
tool,40-50-16,before,0.0519631
tool,40-50-16,before,0.0524962
tool,40-50-16,before,0.0691122
tool,40-50-16,before,0.0833773
tool,40-50-16,before,0.129384
tool,40-50-16,before,0.0860669
tool,40-50-16,before,0.0704202
tool,40-50-16,before,0.0941427
tool,40-50-16,before,0.043782
tool,40-50-16,before,0.0350596
tool,40-50-16,before,0.0570205
tool,40-50-16,before,0.0448562
tool,40-50-16,before,0.0304826
tool,40-50-16,before,0.0720292
tool,40-50-16,before,0.07579
tool,40-50-16,before,0.0655033
tool,40-50-16,before,0.0497597
tool,40-50-16,before,0.0948288
tool,40-50-16,before,0.103181
tool,40-50-16,before,0.0693367
tool,40-50-16,before,0.0639184
tool,40-50-16,before,0.106949
tool,40-50-16,before,0.0506268
tool,40-50-16,before,0.0427814
tool,40-50-16,before,0.0223203
tool,40-50-16,before,0.06578
tool,40-50-16,before,0.0645325
tool,40-50-16,before,0.0730675
tool,40-50-16,before,0.0593327
tool,40-50-16,before,0.0684146
tool,40-50-16,before,0.0458062
tool,40-50-16,before,0.0730707
tool,40-50-16,before,0.0282964
tool,40-50-16,before,0.0273604
tool,40-50-16,before,0.0487562
tool,40-50-16,before,0.0746077
tool,40-50-16,before,0.0660606
tool,40-50-16,before,0.0770366
tool,40-50-16,before,0.0448654
tool,40-50-16,before,0.0381843
tool,40-50-16,before,0.0542088
tool,40-50-16,before,0.12563
tool,40-50-16,before,0.0883121
tool,40-50-16,before,0.0685803
tool,40-50-16,before,0.0633848
tool,40-50-16,before,0.062923
tool,40-50-16,before,0.0476961
tool,40-50-16,before,0.0309856
tool,40-50-16,before,0.139628
tool,40-50-16,before,0.104822
tool,40-50-16,before,0.0864496
tool,40-50-16,before,0.0673621
tool,40-50-16,before,0.0351977
tool,40-50-16,before,0.0447564
tool,40-50-16,before,0.132288
tool,40-50-16,before,0.0547817
tool,40-50-16,before,0.0704447
tool,40-50-16,before,0.0693802
tool,40-50-16,before,0.0475242
tool,40-50-16,before,0.0735205
tool,40-50-16,before,0.0989147
tool,40-50-16,before,0.0439673
tool,40-50-16,before,0.0819806
tool,40-50-16,before,0.11634
tool,40-50-16,before,0.0545238
tool,40-50-16,before,0.0981298
tool,40-50-16,before,0.0763894
tool,40-50-16,before,0.154845
tool,40-50-16,before,0.0875698
tool,40-50-16,before,0.090881
tool,40-50-16,before,0.179166
tool,40-50-16,before,0.107946
tool,40-50-16,before,0.0575637
tool,40-50-16,before,0.129215
tool,40-50-16,before,0.0750769
tool,40-50-16,before,0.054383
tool,40-50-16,before,0.115083
tool,40-50-16,before,0.120526
tool,40-50-16,before,0.0766468
tool,40-50-16,before,0.0655272
tool,40-50-16,before,0.0939115
tool,40-50-16,before,0.228446
tool,40-50-16,before,0.102864
tool,40-50-16,before,0.0839499
tool,40-50-16,before,0.0984206
tool,40-50-16,before,0.13852
tool,40-50-16,before,0.0656803
tool,40-50-16,before,0.166967
tool,40-50-16,before,0.241479
tool,40-50-16,before,0.110883
tool,40-50-16,before,0.0827423
tool,40-50-16,before,0.0631601
tool,40-50-16,before,0.11667
tool,40-50-16,before,0.185055
tool,40-50-16,before,0.172338
tool,40-50-16,before,0.078766
tool,40-50-16,before,0.142738
tool,40-50-16,before,0.147666
tool,40-50-16,before,0.178271
tool,40-50-16,before,0.110675
tool,40-50-16,before,0.10543
tool,40-50-16,before,0.211382
tool,40-50-16,before,0.129771
tool,40-50-16,before,0.21627
tool,40-50-16,before,0.111952
tool,40-50-16,before,0.301149
tool,40-50-16,before,0.209787
tool,40-50-16,before,0.294075
tool,40-50-16,before,0.162738
tool,40-50-16,before,0.339804
tool,40-50-16,before,0.422276
tool,40-50-16,before,0.190432
tool,40-50-16,before,0.182937
tool,40-50-16,before,0.21065
tool,40-50-16,before,0.289703
tool,40-50-16,before,0.290259
tool,40-50-16,before,0.339744
tool,40-50-16,before,0.398846
tool,40-50-16,before,0.181441
tool,40-50-16,before,0.322655
tool,40-50-16,before,0.152144
tool,40-50-16,before,0.428007
tool,40-50-16,before,0.208842
tool,40-50-16,before,0.275534
tool,40-50-16,before,0.412126
tool,40-50-16,before,0.785498
tool,40-50-16,before,0.300473
tool,40-50-16,before,0.93245
tool,40-50-16,before,1.30936
tool,40-50-16,before,0.492233
tool,40-50-16,before,0.469013
tool,40-50-16,before,3.84142
tool,40-50-16,after,1.91733
tool,40-50-16,after,0.0369471
tool,40-50-16,after,0.04961
tool,40-50-16,after,0.0303096
tool,40-50-16,after,0.251884
tool,40-50-16,after,0.0496763
tool,40-50-16,after,0.0274543
tool,40-50-16,after,0.0328944
tool,40-50-16,after,0.0684138
tool,40-50-16,after,0.108611
tool,40-50-16,after,0.0677788
tool,40-50-16,after,0.023752
tool,40-50-16,after,0.0560087
tool,40-50-16,after,0.0648448
tool,40-50-16,after,0.21495
tool,40-50-16,after,0.0351498
tool,40-50-16,after,0.2002
tool,40-50-16,after,0.024092
tool,40-50-16,after,0.27477
tool,40-50-16,after,0.0320585
tool,40-50-16,after,0.0534465
tool,40-50-16,after,0.0803954
tool,40-50-16,after,0.123696
tool,40-50-16,after,0.425551
tool,40-50-16,after,0.0589498
tool,40-50-16,after,0.0384856
tool,40-50-16,after,0.218724
tool,40-50-16,after,0.0235553
tool,40-50-16,after,0.0231681
tool,40-50-16,after,0.0480048
tool,40-50-16,after,0.0671452
tool,40-50-16,after,0.0967978
tool,40-50-16,after,0.0279053
tool,40-50-16,after,0.0240656
tool,40-50-16,after,0.0525449
tool,40-50-16,after,0.0351417
tool,40-50-16,after,0.153326
tool,40-50-16,after,0.0330227
tool,40-50-16,after,0.0209113
tool,40-50-16,after,0.0750182
tool,40-50-16,after,0.0744802
tool,40-50-16,after,0.135934
tool,40-50-16,after,0.0358042
tool,40-50-16,after,0.154887
tool,40-50-16,after,0.663792
tool,40-50-16,after,0.0260993
tool,40-50-16,after,0.0886498
tool,40-50-16,after,0.184543
tool,40-50-16,after,0.0370612
tool,40-50-16,after,0.0343719
tool,40-50-16,after,0.0520846
tool,40-50-16,after,0.0982818
tool,40-50-16,after,0.0540997
tool,40-50-16,after,0.0246311
tool,40-50-16,after,0.0459804
tool,40-50-16,after,0.878199
tool,40-50-16,after,0.0541001
tool,40-50-16,after,0.10538
tool,40-50-16,after,0.0429418
tool,40-50-16,after,0.219095
tool,40-50-16,after,0.0747469
tool,40-50-16,after,0.281165
tool,40-50-16,after,0.0651289
tool,40-50-16,after,0.417154
tool,40-50-16,after,0.29233
tool,40-50-16,after,0.0271495
tool,40-50-16,after,0.292213
tool,40-50-16,after,0.0688437
tool,40-50-16,after,0.0249091
tool,40-50-16,after,0.82996
tool,40-50-16,after,0.040894
tool,40-50-16,after,0.0626009
tool,40-50-16,after,0.0528026
tool,40-50-16,after,0.0508445
tool,40-50-16,after,0.0466492
tool,40-50-16,after,0.0895401
tool,40-50-16,after,0.0973069
tool,40-50-16,after,0.0337899
tool,40-50-16,after,0.828601
tool,40-50-16,after,0.0289373
tool,40-50-16,after,0.0927151
tool,40-50-16,after,0.101424
tool,40-50-16,after,0.0314368
tool,40-50-16,after,0.0673631
tool,40-50-16,after,0.0492807
tool,40-50-16,after,0.069329
tool,40-50-16,after,0.0418666
tool,40-50-16,after,0.144842
tool,40-50-16,after,0.0312015
tool,40-50-16,after,0.0574147
tool,40-50-16,after,0.0325023
tool,40-50-16,after,0.0900284
tool,40-50-16,after,0.0271495
tool,40-50-16,after,0.0586585
tool,40-50-16,after,0.0305751
tool,40-50-16,after,0.0628252
tool,40-50-16,after,0.0242042
tool,40-50-16,after,0.0249025
tool,40-50-16,after,0.0674977
tool,40-50-16,after,0.0520327
tool,40-50-16,after,0.0360725
tool,40-50-16,after,0.0293008
tool,40-50-16,after,0.0251277
tool,40-50-16,after,0.0773015
tool,40-50-16,after,0.042802
tool,40-50-16,after,0.0422748
tool,40-50-16,after,0.112417
tool,40-50-16,after,0.0934466
tool,40-50-16,after,0.0643965
tool,40-50-16,after,0.0394939
tool,40-50-16,after,0.077509
tool,40-50-16,after,0.118153
tool,40-50-16,after,0.0749542
tool,40-50-16,after,0.0239781
tool,40-50-16,after,0.170507
tool,40-50-16,after,0.0633083
tool,40-50-16,after,0.0520996
tool,40-50-16,after,0.0425009
tool,40-50-16,after,0.15351
tool,40-50-16,after,0.0322424
tool,40-50-16,after,0.0768127
tool,40-50-16,after,0.0420113
tool,40-50-16,after,0.459426
tool,40-50-16,after,0.029326
tool,40-50-16,after,0.0160604
tool,40-50-16,after,0.119036
tool,40-50-16,after,0.300125
tool,40-50-16,after,0.0353201
tool,40-50-16,after,0.0884173
tool,40-50-16,after,0.0355942
tool,40-50-16,after,0.0972191
tool,40-50-16,after,0.285345
tool,40-50-16,after,0.110915
tool,41-50-28,before,0.146532
tool,41-50-28,before,0.164063
tool,41-50-28,before,0.0647121
tool,41-50-28,before,0.0790409
tool,41-50-28,before,0.0596394
tool,41-50-28,before,0.268175
tool,41-50-28,before,0.0711342
tool,41-50-28,before,0.0103193
tool,41-50-28,before,0.104553
tool,41-50-28,before,0.133826
tool,41-50-28,before,0.103763
tool,41-50-28,before,0.0795252
tool,41-50-28,before,0.0846933
tool,41-50-28,before,0.0444178
tool,41-50-28,before,0.0234343
tool,41-50-28,before,0.0616099
tool,41-50-28,before,0.0242157
tool,41-50-28,before,0.0552782
tool,41-50-28,before,0.0395022
tool,41-50-28,before,0.0183107
tool,41-50-28,before,0.0274594
tool,41-50-28,before,0.127413
tool,41-50-28,before,0.0728655
tool,41-50-28,before,0.0371512
tool,41-50-28,before,0.119989
tool,41-50-28,before,0.0342327
tool,41-50-28,before,0.0795571
tool,41-50-28,before,0.0332358
tool,41-50-28,before,0.024092
tool,41-50-28,before,0.0736708
tool,41-50-28,before,0.0537871
tool,41-50-28,before,0.213209
tool,41-50-28,before,0.0412281
tool,41-50-28,before,0.148886
tool,41-50-28,before,0.0453359
tool,41-50-28,before,0.144018
tool,41-50-28,before,0.0528857
tool,41-50-28,before,0.0492511
tool,41-50-28,before,0.0385523
tool,41-50-28,before,0.0483036
tool,41-50-28,before,0.107532
tool,41-50-28,before,0.0407999
tool,41-50-28,before,0.0395958
tool,41-50-28,before,0.0411174
tool,41-50-28,before,0.102828
tool,41-50-28,before,0.0793757
tool,41-50-28,before,0.0634167
tool,41-50-28,before,0.0349498
tool,41-50-28,before,0.0410464
tool,41-50-28,before,0.166598
tool,41-50-28,before,0.0614923
tool,41-50-28,before,0.049552
tool,41-50-28,before,0.0563837
tool,41-50-28,before,0.15794
tool,41-50-28,before,0.0690114
tool,41-50-28,before,0.0669385
tool,41-50-28,before,0.0940317
tool,41-50-28,before,0.0697669
tool,41-50-28,before,0.0184518
tool,41-50-28,before,0.0281926
tool,41-50-28,before,0.0836793
tool,41-50-28,before,0.17338
tool,41-50-28,before,0.0743253
tool,41-50-28,before,0.0473403
tool,41-50-28,before,0.0496817
tool,41-50-28,before,0.0559048
tool,41-50-28,before,0.057929
tool,41-50-28,before,0.130034
tool,41-50-28,before,0.0257736
tool,41-50-28,before,0.317719
tool,41-50-28,before,0.265935
tool,41-50-28,before,0.181091
tool,41-50-28,before,0.0352145
tool,41-50-28,before,0.0389791
tool,41-50-28,before,0.142108
tool,41-50-28,before,0.0687099
tool,41-50-28,before,0.0411571
tool,41-50-28,before,0.058525
tool,41-50-28,before,0.0355058
tool,41-50-28,before,0.0523025
tool,41-50-28,before,0.305649
tool,41-50-28,before,0.0328264
tool,41-50-28,before,0.0351069
tool,41-50-28,before,0.0362283
tool,41-50-28,before,0.0252072
tool,41-50-28,before,0.0243977
tool,41-50-28,before,0.0691755
tool,41-50-28,before,0.0349161
tool,41-50-28,before,0.589554
tool,41-50-28,before,0.0760673
tool,41-50-28,before,0.0309579
tool,41-50-28,before,0.0323512
tool,41-50-28,before,0.0729464
tool,41-50-28,before,0.474737
tool,41-50-28,before,0.0829764
tool,41-50-28,before,0.041421
tool,41-50-28,before,0.0397297
tool,41-50-28,before,0.0503122
tool,41-50-28,before,0.0429322
tool,41-50-28,before,0.0629752
tool,41-50-28,before,0.0240317
tool,41-50-28,before,0.0422206
tool,41-50-28,before,0.105563
tool,41-50-28,before,0.0316217
tool,41-50-28,before,0.0487064
tool,41-50-28,before,0.0245803
tool,41-50-28,before,0.115854
tool,41-50-28,before,0.112975
tool,41-50-28,before,0.371789
tool,41-50-28,before,0.0537446
tool,41-50-28,before,0.0401248
tool,41-50-28,before,0.0511926
tool,41-50-28,before,0.204194
tool,41-50-28,before,0.0987437
tool,41-50-28,before,0.024007
tool,41-50-28,before,0.0528582
tool,41-50-28,before,0.209086
tool,41-50-28,before,0.0281845
tool,41-50-28,before,0.0473886
tool,41-50-28,before,0.0352675
tool,41-50-28,before,0.0710668
tool,41-50-28,before,0.207501
tool,41-50-28,before,0.190204
tool,41-50-28,before,0.113327
tool,41-50-28,before,0.0538219
tool,41-50-28,before,0.0208859
tool,41-50-28,before,0.0327547
tool,41-50-28,before,0.0586742
tool,41-50-28,before,0.0320047
tool,41-50-28,before,0.117147
tool,41-50-28,before,0.125665
tool,41-50-28,before,0.0771877
tool,41-50-28,before,0.0736637
tool,41-50-28,before,0.084634
tool,41-50-28,before,0.268016
tool,41-50-28,before,0.0605864
tool,41-50-28,before,0.0645697
tool,41-50-28,before,0.0821965
tool,41-50-28,before,0.0584087
tool,41-50-28,before,0.0461482
tool,41-50-28,before,0.073247
tool,41-50-28,before,0.0412553
tool,41-50-28,before,0.0393959
tool,41-50-28,before,0.129638
tool,41-50-28,before,0.0354013
tool,41-50-28,before,0.0263842
tool,41-50-28,before,0.0443536
tool,41-50-28,before,0.0409131
tool,41-50-28,before,0.0938488
tool,41-50-28,before,0.0412114
tool,41-50-28,before,0.0338865
tool,41-50-28,before,0.025328
tool,41-50-28,before,0.0309519
tool,41-50-28,before,0.0241831
tool,41-50-28,before,0.0933438
tool,41-50-28,before,0.0721932
tool,41-50-28,before,0.0937322
tool,41-50-28,before,0.0445444
tool,41-50-28,before,0.0199568
tool,41-50-28,before,0.0283789
tool,41-50-28,before,0.0628563
tool,41-50-28,before,0.0393723
tool,41-50-28,before,0.15489
tool,41-50-28,before,0.0498596
tool,41-50-28,before,0.0411382
tool,41-50-28,before,0.035356
tool,41-50-28,before,0.0864855
tool,41-50-28,before,0.0246465
tool,41-50-28,before,0.127173
tool,41-50-28,before,0.0564306
tool,41-50-28,before,0.118256
tool,41-50-28,before,0.0278276
tool,41-50-28,before,0.0769559
tool,41-50-28,before,0.0623083
tool,41-50-28,before,0.0994351
tool,41-50-28,before,0.0244378
tool,41-50-28,before,0.0290481
tool,41-50-28,before,0.0600959
tool,41-50-28,before,0.0540808
tool,41-50-28,before,0.0894007
tool,41-50-28,before,0.0331516
tool,41-50-28,before,0.125853
tool,41-50-28,before,0.166008
tool,41-50-28,before,0.0651746
tool,41-50-28,before,0.0404977
tool,41-50-28,before,0.173019
tool,41-50-28,before,0.0932918
tool,41-50-28,before,0.0372735
tool,41-50-28,before,0.0306767
tool,41-50-28,before,0.0523183
tool,41-50-28,before,0.129595
tool,41-50-28,before,0.0324934
tool,41-50-28,before,0.0329112
tool,41-50-28,before,0.0986987
tool,41-50-28,before,0.12457
tool,41-50-28,before,0.0871014
tool,41-50-28,before,0.163107
tool,41-50-28,before,0.073716
tool,41-50-28,before,0.0271003
tool,41-50-28,before,0.0549632
tool,41-50-28,before,0.123358
tool,41-50-28,before,0.0242157
tool,41-50-28,before,0.0242157
tool,41-50-28,before,0.0808172
tool,41-50-28,before,0.209486
tool,41-50-28,before,0.0337044
tool,41-50-28,before,0.0429033
tool,41-50-28,before,0.219233
tool,41-50-28,before,0.0268025
tool,41-50-28,before,0.0723897
tool,41-50-28,before,0.0291181
tool,41-50-28,before,0.186977
tool,41-50-28,before,0.190593
tool,41-50-28,before,0.0266788
tool,41-50-28,before,0.0281284
tool,41-50-28,before,0.0732291
tool,41-50-28,before,0.0345696
tool,41-50-28,before,0.0273181
tool,41-50-28,before,0.0304314
tool,41-50-28,before,0.0259328
tool,41-50-28,before,0.0249129
tool,41-50-28,before,0.117279
tool,41-50-28,before,0.041871
tool,41-50-28,before,0.0823408
tool,41-50-28,before,0.0704593
tool,41-50-28,before,0.0512018
tool,41-50-28,before,0.0865339
tool,41-50-28,before,0.0438373
tool,41-50-28,before,0.0378476
tool,41-50-28,before,0.129997
tool,41-50-28,before,0.052976
tool,41-50-28,before,0.0330293
tool,41-50-28,before,0.0601589
tool,41-50-28,before,0.0559266
tool,41-50-28,before,0.0465303
tool,41-50-28,before,0.0688622
tool,41-50-28,before,0.0749466
tool,41-50-28,before,0.0314526
tool,41-50-28,before,0.0285363
tool,41-50-28,before,0.0331817
tool,41-50-28,before,0.038262
tool,41-50-28,before,0.0242518
tool,41-50-28,before,0.0342591
tool,41-50-28,before,0.0711382
tool,41-50-28,before,0.0391829
tool,41-50-28,before,0.0709744
tool,41-50-28,before,0.0704119
tool,41-50-28,before,0.0444706
tool,41-50-28,before,0.0320288
tool,41-50-28,before,0.0333213
tool,41-50-28,before,0.0378647
tool,41-50-28,before,0.0246311
tool,41-50-28,before,0.0244864
tool,41-50-28,before,0.0838853
tool,41-50-28,before,0.172794
tool,41-50-28,before,0.185611
tool,41-50-28,before,0.191354
tool,41-50-28,before,0.0653794
tool,41-50-28,before,0.0780232
tool,41-50-28,before,0.0786344
tool,41-50-28,before,0.137411
tool,41-50-28,before,0.0298897
tool,41-50-28,before,0.208663
tool,41-50-28,before,0.024092
tool,41-50-28,before,0.033385
tool,41-50-28,before,0.0944781
tool,41-50-28,before,0.0356753
tool,41-50-28,before,0.0829675
tool,41-50-28,before,0.0628891
tool,41-50-28,before,0.0316459
tool,41-50-28,before,0.0427133
tool,41-50-28,before,0.06038
tool,41-50-28,before,0.0485109
tool,41-50-28,before,0.0533488
tool,41-50-28,before,0.11805
tool,41-50-28,before,0.260478
tool,41-50-28,before,0.0763939
tool,41-50-28,before,0.113682
tool,41-50-28,before,0.0846679
tool,41-50-28,before,0.0755602
tool,41-50-28,before,0.0518128
tool,41-50-28,before,0.0269517
tool,41-50-28,before,0.0686162
tool,41-50-28,before,0.187549
tool,41-50-28,before,0.132434
tool,41-50-28,before,0.0316847
tool,41-50-28,before,0.0546136
tool,41-50-28,before,0.0257369
tool,41-50-28,before,0.0283444
tool,41-50-28,before,0.107207
tool,41-50-28,before,0.0510984
tool,41-50-28,before,0.175038
tool,41-50-28,before,0.0243176
tool,41-50-28,before,0.0278841
tool,41-50-28,before,0.0901296
tool,41-50-28,before,0.0459055
tool,41-50-28,before,0.0895744
tool,41-50-28,before,0.0964801
tool,41-50-28,before,0.0259927
tool,41-50-28,before,0.0321377
tool,41-50-28,before,0.0290027
tool,41-50-28,before,0.0639001
tool,41-50-28,before,0.0722932
tool,41-50-28,before,0.0779363
tool,41-50-28,before,0.0314366
tool,41-50-28,before,0.14159
tool,41-50-28,before,0.030529
tool,41-50-28,before,0.0487562
tool,41-50-28,before,0.0691778
tool,41-50-28,before,0.0448144
tool,41-50-28,before,0.11033
tool,41-50-28,before,0.116414
tool,41-50-28,before,0.0795432
tool,41-50-28,before,0.0515552
tool,41-50-28,before,0.0624672
tool,41-50-28,before,0.0581048
tool,41-50-28,before,0.0695094
tool,41-50-28,before,0.0457415
tool,41-50-28,before,0.100271
tool,41-50-28,before,0.0654936
tool,41-50-28,before,0.0561695
tool,41-50-28,before,0.0703773
tool,41-50-28,before,0.0807143
tool,41-50-28,before,0.0555183
tool,41-50-28,before,0.0962516
tool,41-50-28,before,0.13123
tool,41-50-28,before,0.075052
tool,41-50-28,before,0.0278148
tool,41-50-28,before,0.0333925
tool,41-50-28,before,0.0355169
tool,41-50-28,before,0.128269
tool,41-50-28,before,0.047527
tool,41-50-28,before,0.268813
tool,41-50-28,before,0.0332833
tool,41-50-28,before,0.0807664
tool,41-50-28,before,0.097824
tool,41-50-28,before,0.0413703
tool,41-50-28,before,0.03339
tool,41-50-28,before,0.0411435
tool,41-50-28,before,0.0714565
tool,41-50-28,before,0.0596051
tool,41-50-28,before,0.0564623
tool,41-50-28,before,0.0236087
tool,41-50-28,before,0.0526442
tool,41-50-28,before,0.0987262
tool,41-50-28,before,0.0408397
tool,41-50-28,before,0.0644811
tool,41-50-28,before,0.0535246
tool,41-50-28,before,0.145569
tool,41-50-28,before,0.031946
tool,41-50-28,before,0.0527653
tool,41-50-28,before,0.0423172
tool,41-50-28,before,0.118209
tool,41-50-28,before,0.0395092
tool,41-50-28,before,0.0305761
tool,41-50-28,before,0.0286752
tool,41-50-28,before,0.0462325
tool,41-50-28,before,0.0329998
tool,41-50-28,before,0.029767
tool,41-50-28,before,0.180742
tool,41-50-28,before,0.0865828
tool,41-50-28,before,0.109417
tool,41-50-28,before,0.0366407
tool,41-50-28,before,0.0889251
tool,41-50-28,before,0.0290293
tool,41-50-28,before,0.0283917
tool,41-50-28,before,0.0345129
tool,41-50-28,before,0.0332451
tool,41-50-28,before,0.0249077
tool,41-50-28,before,0.0410166
tool,41-50-28,before,0.0509054
tool,41-50-28,before,0.0546364
tool,41-50-28,before,0.0405793
tool,41-50-28,before,0.0393322
tool,41-50-28,before,0.0649802
tool,41-50-28,before,0.443582
tool,41-50-28,before,0.0913469
tool,41-50-28,before,0.0620318
tool,41-50-28,before,0.113409
tool,41-50-28,before,0.120103
tool,41-50-28,before,0.0294706
tool,41-50-28,before,0.0298116
tool,41-50-28,before,0.0252072
tool,41-50-28,before,0.0323512
tool,41-50-28,before,0.0296612
tool,41-50-28,before,0.0518154
tool,41-50-28,before,0.0752423
tool,41-50-28,before,0.0753618
tool,41-50-28,before,0.0533608
tool,41-50-28,before,0.0334284
tool,41-50-28,before,0.0513503
tool,41-50-28,before,0.0637554
tool,41-50-28,before,0.0432037
tool,41-50-28,before,0.0909608
tool,41-50-28,before,0.0385183
tool,41-50-28,before,0.145547
tool,41-50-28,before,0.110222
tool,41-50-28,before,0.0354207
tool,41-50-28,after,1.18602
tool,41-50-28,after,0.618446
tool,41-50-28,after,0.418424
tool,41-50-28,after,0.430761
tool,41-50-28,after,0.499171
tool,41-50-28,after,0.388328
tool,41-50-28,after,0.289444
tool,41-50-28,after,0.299771
tool,41-50-28,after,0.435269
tool,41-50-28,after,0.32613
tool,41-50-28,after,6.86E-02
tool,41-50-28,after,9.21E-02
tool,41-50-28,after,0.247041
tool,41-50-28,after,0.120651
tool,41-50-28,after,0.122895
tool,41-50-28,after,6.65E-02
tool,41-50-28,after,0.102224
tool,41-50-28,after,4.94E-02
tool,41-50-28,after,6.81E-02
tool,41-50-28,after,8.75E-02
tool,41-50-28,after,8.78E-02
tool,41-50-28,after,0.118054
tool,41-50-28,after,5.99E-02
tool,41-50-28,after,0.150191
tool,41-50-28,after,9.24E-02
tool,41-50-28,after,6.19E-02
tool,41-50-28,after,9.01E-02
tool,41-50-28,after,5.26E-02
tool,41-50-28,after,7.90E-02
tool,41-50-28,after,8.87E-02
tool,41-50-28,after,3.86E-02
tool,41-50-28,after,9.35E-02
tool,41-50-28,after,4.36E-02
tool,41-50-28,after,5.42E-02
tool,41-50-28,after,3.57E-02
tool,41-50-28,after,5.97E-02
tool,41-50-28,after,5.26E-02
tool,41-50-28,after,5.17E-02
tool,41-50-28,after,1.38E-02
tool,41-50-28,after,7.91E-02
tool,41-50-28,after,9.02E-02
tool,41-50-28,after,5.47E-02
tool,41-50-28,after,6.04E-02
tool,41-50-28,after,5.76E-02
tool,41-50-28,after,2.09E-02
tool,41-50-28,after,5.67E-02
tool,41-50-28,after,4.88E-02
tool,41-50-28,after,2.67E-02
tool,41-50-28,after,6.13E-02
tool,41-50-28,after,7.13E-02
tool,41-50-28,after,3.89E-02
tool,41-50-28,after,5.35E-02
tool,41-50-28,after,5.60E-02
tool,41-50-28,after,5.06E-02
tool,41-50-28,after,3.50E-02
tool,41-50-28,after,6.14E-02
tool,41-50-28,after,4.07E-02
tool,41-50-28,after,4.42E-02
tool,41-50-28,after,6.35E-02
tool,41-50-28,after,5.65E-02
tool,41-50-28,after,3.08E-02
tool,41-50-28,after,2.41E-02
tool,41-50-28,after,3.33E-02
tool,41-50-28,after,2.42E-02
tool,41-50-28,after,3.82E-02
tool,41-50-28,after,2.92E-02
tool,41-50-28,after,3.00E-02
tool,41-50-28,after,3.21E-02
tool,41-50-28,after,3.52E-02
tool,41-50-28,after,2.72E-02
tool,41-50-28,after,3.97E-02
tool,41-50-28,after,2.42E-02
tool,41-50-28,after,2.43E-02
tool,40-50-28,before,0.161848
tool,40-50-28,before,0.0663251
tool,40-50-28,before,0.0509233
tool,40-50-28,before,0.059187
tool,40-50-28,before,0.586096
tool,40-50-28,before,0.0757015
tool,40-50-28,before,0.0246569
tool,40-50-28,before,0.0805118
tool,40-50-28,before,0.0824353
tool,40-50-28,before,0.0473084
tool,40-50-28,before,0.0594382
tool,40-50-28,before,0.0388383
tool,40-50-28,before,0.141286
tool,40-50-28,before,0.0546049
tool,40-50-28,before,0.0426842
tool,40-50-28,before,0.0721039
tool,40-50-28,before,0.0267971
tool,40-50-28,before,0.0240317
tool,40-50-28,before,0.057606
tool,40-50-28,before,0.0608097
tool,40-50-28,before,0.0631363
tool,40-50-28,before,0.0952562
tool,40-50-28,before,0.0555992
tool,40-50-28,before,0.0413007
tool,40-50-28,before,0.0790876
tool,40-50-28,before,0.353248
tool,40-50-28,before,0.0673147
tool,40-50-28,before,0.057282
tool,40-50-28,before,0.0565439
tool,40-50-28,before,0.0468003
tool,40-50-28,before,0.111633
tool,40-50-28,before,0.0630983
tool,40-50-28,before,0.0464387
tool,40-50-28,before,0.0444301
tool,40-50-28,before,0.0396994
tool,40-50-28,before,0.0597719
tool,40-50-28,before,0.0451881
tool,40-50-28,before,0.0263651
tool,40-50-28,before,0.0275357
tool,40-50-28,before,0.103816
tool,40-50-28,before,0.0587357
tool,40-50-28,before,0.0632721
tool,40-50-28,before,0.0760253
tool,40-50-28,after,0.225569
tool,40-50-28,after,0.652684
tool,40-50-28,after,0.167698
tool,40-50-28,after,0.0215179
tool,40-50-28,after,0.068579
tool,40-50-28,after,0.0671676
tool,40-50-28,after,0.215845
tool,40-50-28,after,0.258615
tool,40-50-28,after,0.0429501
tool,40-50-28,after,0.0603688
tool,40-50-28,after,0.0626306
tool,40-50-28,after,0.0762838
tool,40-50-28,after,0.0333895
tool,40-50-28,after,0.0305381
tool,40-50-28,after,0.0280634
tool,40-50-28,after,0.0698452
tool,40-50-28,after,0.165678
tool,40-50-28,after,0.0556036
tool,40-50-28,after,0.0852826
tool,40-50-28,after,0.109795
tool,40-50-28,after,0.0447685
tool,40-50-28,after,0.0333852
tool,40-50-28,after,0.0240272
tool,40-50-28,after,0.0629678
tool,40-50-28,after,0.024465
tool,40-50-28,after,0.0405324
tool,40-50-28,after,0.0251633
tool,40-50-28,after,0.0525015
tool,40-50-28,after,0.0800958
tool,40-50-28,after,0.210959
tool,40-50-28,after,0.0349213
tool,40-50-28,after,0.0329385
tool,40-50-28,after,0.032211
tool,40-50-28,after,0.16004
tool,40-50-28,after,0.060349
tool,40-50-28,after,0.108194
tool,40-50-28,after,0.0485537
tool,40-50-28,after,0.0479071
tool,40-50-28,after,0.0441016
tool,40-50-28,after,0.0473651
tool,40-50-28,after,0.0382545
tool,40-50-28,after,0.073577
tool,28-38-28,before,0.101132
tool,28-38-28,before,0.0421328
tool,28-38-28,before,0.102663
tool,28-38-28,before,0.0462549
tool,28-38-28,before,1.04785
tool,28-38-28,before,0.0353327
tool,28-38-28,before,0.054067
tool,28-38-28,before,0.0839316
tool,28-38-28,before,0.216389
tool,28-38-28,before,0.162868
tool,28-38-28,before,0.0199626
tool,28-38-28,before,0.111466
tool,28-38-28,before,0.125505
tool,28-38-28,before,0.0353364
tool,28-38-28,before,0.0361738
tool,28-38-28,before,0.100047
tool,28-38-28,before,0.176475
tool,28-38-28,before,0.147331
tool,28-38-28,before,0.0303877
tool,28-38-28,before,0.0416852
tool,28-38-28,before,0.0526816
tool,28-38-28,before,0.0699724
tool,28-38-28,before,0.124739
tool,28-38-28,before,0.048134
tool,28-38-28,before,0.0575843
tool,28-38-28,before,0.107543
tool,28-38-28,before,0.214607
tool,28-38-28,before,0.25316
tool,28-38-28,before,0.474225
tool,28-38-28,before,0.0462729
tool,28-38-28,before,0.0360663
tool,28-38-28,before,0.0590261
tool,28-38-28,before,0.0755489
tool,28-38-28,before,0.0230489
tool,28-38-28,before,0.070739
tool,28-38-28,before,0.0462496
tool,28-38-28,before,0.0332267
tool,28-38-28,before,0.0309513
tool,28-38-28,before,0.127664
tool,28-38-28,before,0.0989653
tool,28-38-28,before,0.0561302
tool,28-38-28,before,0.135
tool,28-38-28,before,1.27344
tool,28-38-28,before,0.0299573
tool,28-38-28,before,0.0645031
tool,28-38-28,before,0.0334131
tool,28-38-28,before,0.0872574
tool,28-38-28,before,0.0333936
tool,28-38-28,before,0.0575661
tool,28-38-28,before,0.131142
tool,28-38-28,before,0.108599
tool,28-38-28,before,0.0299586
tool,28-38-28,before,0.0478281
tool,28-38-28,before,0.0428162
tool,28-38-28,before,0.0606082
tool,28-38-28,before,0.0103193
tool,28-38-28,before,0.0290463
tool,28-38-28,before,0.0569163
tool,28-38-28,before,0.313777
tool,28-38-28,before,0.0545212
tool,28-38-28,before,0.0406377
tool,28-38-28,before,0.0384468
tool,28-38-28,before,0.075302
tool,28-38-28,before,0.115249
tool,28-38-28,before,0.0386661
tool,28-38-28,before,0.0577643
tool,28-38-28,before,0.0719029
tool,28-38-28,before,0.0389309
tool,28-38-28,before,0.0482801
tool,28-38-28,before,0.024907
tool,28-38-28,before,0.0436228
tool,28-38-28,before,0.13309
tool,28-38-28,before,0.0249124
tool,28-38-28,before,0.0847328
tool,28-38-28,before,0.0929176
tool,28-38-28,before,0.10321
tool,28-38-28,before,0.0271936
tool,28-38-28,before,0.0295457
tool,28-38-28,before,1.00391
tool,28-38-28,before,0.0376296
tool,28-38-28,before,0.0323117
tool,28-38-28,before,0.0241872
tool,28-38-28,before,0.109815
tool,28-38-28,before,0.105021
tool,28-38-28,before,0.0474053
tool,28-38-28,before,0.0305935
tool,28-38-28,before,0.0292205
tool,28-38-28,before,0.0990456
tool,28-38-28,before,0.0418433
tool,28-38-28,before,0.0457028
tool,28-38-28,before,0.0528027
tool,28-38-28,before,0.125755
tool,28-38-28,before,0.0331062
tool,28-38-28,before,0.0316874
tool,28-38-28,before,0.0687761
tool,28-38-28,before,0.0406554
tool,28-38-28,before,0.0345566
tool,28-38-28,before,0.0349419
tool,28-38-28,before,0.0365565
tool,28-38-28,before,0.0353058
tool,28-38-28,before,0.0440439
tool,28-38-28,before,0.233164
tool,28-38-28,before,0.0540915
tool,28-38-28,before,0.0359092
tool,28-38-28,before,0.0726198
tool,28-38-28,before,0.0489275
tool,28-38-28,before,0.121589
tool,28-38-28,before,0.0564221
tool,28-38-28,before,0.151959
tool,28-38-28,before,0.0515347
tool,28-38-28,before,0.0541117
tool,28-38-28,before,0.0321077
tool,28-38-28,before,0.164778
tool,28-38-28,before,0.0331915
tool,28-38-28,before,0.024092
tool,28-38-28,before,0.0388605
tool,28-38-28,before,0.0588362
tool,28-38-28,before,0.062147
tool,28-38-28,before,0.266397
tool,28-38-28,before,0.160455
tool,28-38-28,before,0.118761
tool,28-38-28,before,0.0620469
tool,28-38-28,before,0.056116
tool,28-38-28,before,0.0585004
tool,28-38-28,before,0.0332592
tool,28-38-28,before,0.0557666
tool,28-38-28,before,0.0740544
tool,28-38-28,before,0.052306
tool,28-38-28,before,0.0243165
tool,28-38-28,before,0.132907
tool,28-38-28,before,0.0421205
tool,28-38-28,before,0.0673161
tool,28-38-28,before,0.0460513
tool,28-38-28,before,0.0333936
tool,28-38-28,before,0.0269531
tool,28-38-28,before,0.0239781
tool,28-38-28,before,0.0429518
tool,28-38-28,before,0.413153
tool,28-38-28,before,0.0721927
tool,28-38-28,before,0.137908
tool,28-38-28,before,0.171406
tool,28-38-28,before,0.0270934
tool,28-38-28,before,0.0754388
tool,28-38-28,before,0.105396
tool,28-38-28,before,0.0374892
tool,28-38-28,before,0.0850726
tool,28-38-28,before,0.0330227
tool,28-38-28,before,0.505889
tool,28-38-28,before,0.0239525
tool,28-38-28,before,0.0301027
tool,28-38-28,before,0.0557276
tool,28-38-28,before,0.0618318
tool,28-38-28,before,0.0463058
tool,28-38-28,before,0.0355962
tool,28-38-28,before,0.216216
tool,28-38-28,before,0.0331817
tool,28-38-28,before,0.106074
tool,28-38-28,before,0.0354048
tool,28-38-28,before,0.0482717
tool,28-38-28,before,0.0576895
tool,28-38-28,before,0.0563629
tool,28-38-28,before,0.0297024
tool,28-38-28,before,0.0540539
tool,28-38-28,before,0.0328394
tool,28-38-28,before,0.12345
tool,28-38-28,before,0.0383048
tool,28-38-28,before,0.0865372
tool,28-38-28,before,0.0294084
tool,28-38-28,before,0.0437353
tool,28-38-28,before,0.0585704
tool,28-38-28,before,0.0854039
tool,28-38-28,before,0.0622267
tool,28-38-28,before,0.0947189
tool,28-38-28,before,0.0366752
tool,28-38-28,before,0.148325
tool,28-38-28,before,0.0318541
tool,28-38-28,before,0.0614407
tool,28-38-28,before,1.12121
tool,28-38-28,before,0.0564539
tool,28-38-28,before,0.0528402
tool,28-38-28,before,0.0763011
tool,28-38-28,before,0.0277585
tool,28-38-28,before,0.0249025
tool,28-38-28,before,0.11125
tool,28-38-28,before,0.0601487
tool,28-38-28,before,0.0875048
tool,28-38-28,before,0.0347624
tool,28-38-28,before,0.245857
tool,28-38-28,before,0.0621477
tool,28-38-28,before,0.149971
tool,28-38-28,before,0.0567674
tool,28-38-28,before,0.0502969
tool,28-38-28,before,0.0396565
tool,28-38-28,before,0.0355908
tool,28-38-28,before,0.0408135
tool,28-38-28,before,0.041566
tool,28-38-28,before,0.0470925
tool,28-38-28,before,0.0439034
tool,28-38-28,before,0.0452785
tool,28-38-28,before,0.0405989
tool,28-38-28,before,0.0464827
tool,28-38-28,before,0.0970457
tool,28-38-28,before,0.0762143
tool,28-38-28,before,0.206125
tool,28-38-28,before,0.0494358
tool,28-38-28,before,0.0453214
tool,28-38-28,before,0.05195
tool,28-38-28,before,0.0445849
tool,28-38-28,before,0.0282382
tool,28-38-28,before,0.0402689
tool,28-38-28,before,0.500984
tool,28-38-28,before,0.0507999
tool,28-38-28,before,0.281123
tool,28-38-28,before,0.0324781
tool,28-38-28,before,0.0770873
tool,28-38-28,before,0.244004
tool,28-38-28,before,0.0759391
tool,28-38-28,before,0.0652019
tool,28-38-28,before,0.0845962
tool,28-38-28,before,0.0613359
tool,28-38-28,before,0.0332523
tool,28-38-28,before,0.0701973
tool,28-38-28,before,0.039811
tool,28-38-28,before,0.0401836
tool,28-38-28,before,0.073617
tool,28-38-28,before,0.0812612
tool,28-38-28,before,0.0339589
tool,28-38-28,before,0.0390251
tool,28-38-28,before,0.141241
tool,28-38-28,before,0.0920129
tool,28-38-28,before,0.0684125
tool,28-38-28,before,0.0605675
tool,28-38-28,before,0.0276934
tool,28-38-28,before,0.0246945
tool,28-38-28,before,0.0429514
tool,28-38-28,before,0.207441
tool,28-38-28,before,0.0333925
tool,28-38-28,before,0.0398919
tool,28-38-28,before,0.043268
tool,28-38-28,before,0.0494733
tool,28-38-28,before,0.0470358
tool,28-38-28,before,0.103934
tool,28-38-28,before,0.0595751
tool,28-38-28,before,0.0377913
tool,28-38-28,before,0.0332091
tool,28-38-28,before,0.0344287
tool,28-38-28,before,0.07246
tool,28-38-28,before,0.0734836
tool,28-38-28,before,0.0943428
tool,28-38-28,before,0.0411401
tool,28-38-28,before,0.0404148
tool,28-38-28,before,0.0353349
tool,28-38-28,before,0.0327585
tool,28-38-28,before,0.0560802
tool,28-38-28,before,0.0808054
tool,28-38-28,before,0.0944543
tool,28-38-28,before,0.344169
tool,28-38-28,before,0.117318
tool,28-38-28,before,0.122492
tool,28-38-28,before,0.0441818
tool,28-38-28,before,0.040864
tool,28-38-28,before,0.072047
tool,28-38-28,before,0.0540699
tool,28-38-28,before,0.0575568
tool,28-38-28,before,0.035786
tool,28-38-28,before,0.0333865
tool,28-38-28,before,0.103394
tool,28-38-28,before,0.0240317
tool,28-38-28,before,0.0445814
tool,28-38-28,before,0.107541
tool,28-38-28,before,0.0332451
tool,28-38-28,before,0.0548232
tool,28-38-28,before,0.0727759
tool,28-38-28,before,0.0331688
tool,28-38-28,before,0.0713392
tool,28-38-28,before,0.0983078
tool,28-38-28,before,0.0897564
tool,28-38-28,before,0.0489099
tool,28-38-28,before,0.0618256
tool,28-38-28,before,0.0599131
tool,28-38-28,after,0.230809
tool,28-38-28,after,0.0877626
tool,28-38-28,after,0.146725
tool,28-38-28,after,0.0373805
tool,28-38-28,after,0.0655946
tool,28-38-28,after,0.0605732
tool,28-38-28,after,0.712682
tool,28-38-28,after,0.0286282
tool,28-38-28,after,1.21033
tool,28-38-28,after,0.121057
tool,28-38-28,after,0.0962547
tool,28-38-28,after,0.0963004
tool,28-38-28,after,0.11352
tool,28-38-28,after,0.0734554
tool,28-38-28,after,0.0249077
tool,28-38-28,after,0.106918
tool,28-38-28,after,0.0269732
tool,28-38-28,after,0.0270796
tool,28-38-28,after,0.0683884
tool,28-38-28,after,0.0356487
tool,28-38-28,after,0.0544322
tool,28-38-28,after,0.08291
tool,28-38-28,after,0.0692179
tool,28-38-28,after,0.0936164
tool,28-38-28,after,0.0707566
tool,28-38-28,after,0.0605495
tool,28-38-28,after,0.12767
tool,28-38-28,after,0.0469003
tool,28-38-28,after,0.0239135
tool,28-38-28,after,0.105992
tool,28-38-28,after,0.0396224
tool,28-38-28,after,0.2
tool,28-38-28,after,0.107666
tool,28-38-28,after,0.07306
tool,28-38-28,after,0.0659851
tool,28-38-28,after,0.024913
tool,28-38-28,after,0.0251277
tool,28-38-28,after,0.0382662
tool,28-38-28,after,0.0471738
tool,28-38-28,after,0.0994074
tool,28-38-28,after,0.0551794
tool,28-38-28,after,0.0954805
tool,28-38-28,after,0.0474617
tool,28-38-28,after,0.20141
tool,28-38-28,after,0.0353198
tool,28-38-28,after,0.10293
tool,28-38-28,after,0.0485991
tool,28-38-28,after,0.0400387
tool,28-38-28,after,0.194081
tool,28-38-28,after,0.090797
tool,28-38-28,after,0.0892639
tool,28-38-28,after,0.0227462
tool,28-38-28,after,0.0912261
tool,28-38-28,after,0.0271003
tool,28-38-28,after,0.0603503
tool,28-38-28,after,0.100329
tool,28-38-28,after,0.0289373
tool,28-38-28,after,0.0676874
tool,28-38-28,after,0.108924
tool,28-38-28,after,0.0387537
tool,28-38-28,after,0.144129
tool,28-38-28,after,0.132095
tool,28-38-28,after,0.0461768
tool,28-38-28,after,0.0689721
tool,28-38-28,after,0.0271495
tool,28-38-28,after,0.0627263
tool,28-38-28,after,1.22192
tool,28-38-28,after,0.0906477
tool,28-38-28,after,0.0171815
tool,28-38-28,after,0.0557038
tool,28-38-28,after,0.1971
tool,28-38-28,after,0.0299397
tool,28-38-28,after,0.0412979
tool,28-38-28,after,0.206752
tool,28-38-28,after,0.0234343
tool,28-38-28,after,0.195056
tool,28-38-28,after,0.125669
tool,28-38-28,after,0.176124
tool,28-38-28,after,0.0632934
tool,28-38-28,after,0.0303215
tool,28-38-28,after,0.0362111
tool,28-38-28,after,0.119887
tool,28-38-28,after,0.0242518
tool,28-38-28,after,0.0582336
tool,28-38-28,after,0.166705
tool,28-38-28,after,0.0546394
tool,28-38-28,after,0.0354675
tool,28-38-28,after,0.0372742
tool,28-38-28,after,0.0507724
tool,28-38-28,after,0.0700044
tool,28-38-28,after,0.393834
tool,28-38-28,after,0.0338794
tool,28-38-28,after,0.0224129
tool,28-38-28,after,0.0586965
tool,28-38-28,after,0.0595275
tool,28-38-28,after,0.195495
tool,28-38-28,after,0.0320901
tool,28-38-28,after,0.0696741
tool,28-38-28,after,0.0333925
tool,28-38-28,after,0.023498
tool,28-38-28,after,0.0249114
tool,28-38-28,after,0.0232774
tool,28-38-28,after,0.0233839
tool,28-38-28,after,0.0690247
tool,28-38-28,after,0.0357316
tool,28-38-28,after,0.0811079
tool,28-38-28,after,0.035227
tool,28-38-28,after,0.157229
tool,28-38-28,after,0.0668355
tool,28-38-28,after,0.0323117
tool,28-38-28,after,0.0755599
tool,28-38-28,after,0.109611
tool,28-38-28,after,0.0242516
tool,28-38-28,after,0.0257355
tool,28-38-28,after,0.0851744
tool,28-38-28,after,0.0966169
tool,28-38-28,after,0.0475209
tool,28-38-28,after,0.0298187
tool,28-38-28,after,0.0326595
tool,28-38-28,after,0.0333128
tool,28-38-28,after,0.0538895
tool,28-38-28,after,0.123275
tool,28-38-28,after,0.168276
tool,28-38-28,after,0.0244927
tool,28-38-28,after,0.0333932
tool,28-38-28,after,0.319285
tool,28-38-28,after,0.0242516
tool,28-38-28,after,0.0618438
tool,28-38-28,after,0.11219
tool,28-38-28,after,0.0889013
tool,28-38-28,after,0.0366296
tool,28-38-28,after,0.0411987
tool,28-38-28,after,0.0637674
tool,28-38-28,after,0.0414377
tool,28-38-28,after,0.136792
tool,28-38-28,after,0.049455
tool,28-38-28,after,0.036481
tool,28-38-28,after,0.0458954
tool,28-38-28,after,0.0428931
tool,28-38-28,after,0.0271495
tool,28-38-28,after,0.0739119
tool,28-38-28,after,0.0404294
tool,28-38-28,after,0.0471521
tool,28-38-28,after,0.0252039
tool,28-38-28,after,0.127498
tool,28-38-28,after,0.0243023
tool,28-38-28,after,0.024913
tool,28-38-28,after,0.0301575
tool,28-38-28,after,0.0858389
tool,28-38-28,after,0.0797538
tool,28-38-28,after,0.0411525
tool,28-38-28,after,0.0278755
tool,28-38-28,after,0.0588465
tool,28-38-28,after,0.0449646
tool,28-38-28,after,0.0708724
tool,28-38-28,after,0.0407015
tool,28-38-28,after,0.150676
tool,28-38-28,after,0.035877
tool,28-38-28,after,0.429363
tool,28-38-28,after,0.150531
tool,28-38-28,after,0.0400543
tool,28-38-28,after,0.0241395
tool,28-38-28,after,0.0354803
tool,28-38-28,after,0.0246846
tool,28-38-28,after,0.056768
tool,28-38-28,after,0.244653
tool,28-38-28,after,0.0410225
tool,28-38-28,after,0.024092
tool,28-38-28,after,0.085278
tool,28-38-28,after,0.0276338
tool,28-38-28,after,0.0510713
tool,28-38-28,after,0.155154
tool,28-38-28,after,0.0975557
tool,28-38-28,after,0.502356
tool,28-38-28,after,0.0637181
tool,28-38-28,after,0.0695399
tool,28-38-28,after,0.0358444
tool,28-38-28,after,0.0517207
tool,28-38-28,after,0.0603885
tool,28-38-28,after,0.0986905
tool,28-38-28,after,0.0626942
tool,28-38-28,after,0.186326
tool,28-38-28,after,0.108342
tool,28-38-28,after,0.0329055
tool,28-38-28,after,0.0608397
tool,28-38-28,after,0.190699
tool,28-38-28,after,0.0348218
tool,28-38-28,after,0.0414188
tool,28-38-28,after,0.0498759
tool,28-38-28,after,0.369633
tool,28-38-28,after,0.06259
tool,28-38-28,after,0.0426552
tool,28-38-28,after,0.0278719
tool,28-38-28,after,0.0249025
tool,28-38-28,after,0.35998
tool,28-38-28,after,0.135247
tool,28-38-28,after,0.068676
tool,28-38-28,after,0.0825538
tool,28-38-28,after,0.0931391
tool,28-38-28,after,0.0657592
tool,28-38-28,after,0.0976929
tool,28-38-28,after,0.0621902
tool,28-38-28,after,0.105336
tool,28-38-28,after,0.053536
tool,28-38-28,after,0.04739
tool,28-38-28,after,0.0552741
tool,28-38-28,after,0.0470312
tool,28-38-28,after,0.136728
tool,28-38-28,after,0.0243165
tool,28-38-28,after,0.0441001
tool,28-38-28,after,0.0522421
tool,28-38-28,after,0.0240317
tool,28-38-28,after,0.0453377
tool,28-38-28,after,0.0273181
tool,28-38-28,after,0.0480473
tool,28-38-28,after,0.027641
tool,28-38-28,after,0.0811892
tool,28-38-28,after,0.0814207
tool,28-38-28,after,0.113197
tool,28-38-28,after,0.0485715
tool,28-38-28,after,0.105923
tool,28-38-28,after,0.0317352
tool,28-38-28,after,0.0441287
tool,28-38-28,after,0.0284957
tool,28-38-28,after,0.038346
tool,28-38-28,after,0.0266935
tool,28-38-28,after,0.0479464
tool,28-38-28,after,0.0424858
tool,28-38-28,after,0.0465208
tool,28-38-28,after,0.162038
tool,28-38-28,after,0.0848999
tool,28-38-28,after,0.0290344
tool,28-38-28,after,0.0663959
tool,28-38-28,after,0.0810305
tool,28-38-28,after,0.0234343
tool,28-38-28,after,0.0527622
tool,28-38-28,after,0.0420369
tool,28-38-28,after,0.147571
tool,28-38-28,after,0.0704515
tool,28-38-28,after,0.0331985
tool,28-38-28,after,0.0359234
tool,28-38-28,after,0.0383268
tool,28-38-28,after,0.0283781
tool,28-38-28,after,0.0429322
tool,28-38-28,after,0.0884819
tool,28-38-28,after,0.0462359
tool,28-38-28,after,0.0206386
tool,28-38-28,after,0.196231
tool,28-38-28,after,0.123887
tool,28-38-28,after,0.0872418
tool,28-38-28,after,0.0576013
tool,28-38-28,after,0.0397936
tool,28-38-28,after,0.0241472
tool,28-38-28,after,0.117843
tool,28-38-28,after,0.259089
tool,28-38-28,after,0.041046
tool,28-38-28,after,0.0823533
tool,28-38-28,after,0.0836856
tool,28-38-28,after,0.0249129
tool,28-38-28,after,0.0606957
tool,28-38-28,after,0.0450178
tool,28-38-28,after,0.0198678
tool,28-38-28,after,0.10078
tool,28-38-28,after,0.179333
tool,28-38-28,after,0.0491952
tool,28-38-28,after,0.039275
tool,28-38-28,after,0.0279122
tool,28-38-28,after,0.116455
tool,28-38-28,after,0.0241964
tool,28-38-28,after,0.0432235
tool,28-38-28,after,0.0840034
tool,28-38-28,after,0.0249098
tool,28-38-28,after,0.846372
tool,28-38-28,after,0.104755
tool,28-38-28,after,0.26387
tool,28-38-28,after,0.0298386
tool,28-38-28,after,0.0278031
tool,28-38-28,after,0.0250515
tool,28-38-28,after,0.0428387
tool,28-38-28,after,0.0353227
tool,28-38-28,after,0.0412972
tool,28-38-28,after,0.0474737
tool,28-38-28,after,0.0408332
tool,28-38-28,after,0.118359
tool,28-38-28,after,0.118493
tool,28-38-28,after,0.0487901
tool,28-38-28,after,0.301896
tool,28-38-28,after,0.0249064
tool,28-38-28,after,0.0869706
tool,28-38-28,after,0.0333895
tool,28-38-28,after,0.324704
tool,28-38-28,after,0.0272759
tool,28-38-28,after,0.0416857
tool,28-38-28,after,0.0438357
tool,28-38-28,after,0.193177
tool,28-38-28,after,0.0327845
tool,28-38-28,after,0.0380326
tool,28-38-28,after,0.0528474
tool,28-38-28,after,0.020984
tool,28-38-28,after,0.117922
tool,28-38-28,after,0.153946
tool,28-38-28,after,0.0941491
tool,28-38-28,after,0.0325949
tool,28-38-28,after,0.0207652
tool,28-38-28,after,0.0358872
tool,28-38-28,after,0.0736945
tool,28-38-28,after,0.0355682
tool,28-38-28,after,0.0739317
tool,28-38-28,after,0.180593
tool,28-38-28,after,0.0687946
tool,28-38-28,after,0.0266646
tool,28-38-28,after,0.033392
tool,28-38-28,after,0.030079
tool,28-38-28,after,0.0648286
tool,28-38-28,after,0.0249077
tool,28-38-28,after,0.0647249
tool,28-38-28,after,0.0603132
tool,28-38-28,after,0.637248
tool,28-38-28,after,0.0333213
tool,28-38-28,after,0.0253913
tool,28-38-28,after,0.0739676
tool,28-38-28,after,0.0521306
tool,28-38-28,after,0.024414
tool,28-38-28,after,0.0300834
tool,28-38-28,after,0.0240272
tool,28-38-28,after,0.0271495
tool,28-38-28,after,0.0852014
tool,28-38-28,after,0.0443638
tool,28-38-28,after,0.0353536
tool,28-38-28,after,0.0839689
tool,28-38-28,after,0.0430852
tool,28-38-28,after,0.0545752
tool,28-38-28,after,0.0345073
tool,28-38-28,after,0.0395008
tool,28-38-28,after,0.0332613
tool,28-38-28,after,0.0590123
tool,28-38-28,after,0.0361449
tool,28-38-28,after,0.0606651
tool,28-38-28,after,0.0517868
tool,28-38-28,after,0.037627
tool,28-38-28,after,0.11756
tool,28-38-28,after,0.0401623
tool,28-38-28,after,0.245635
tool,28-38-28,after,0.0328361
tool,28-38-28,after,0.0249025
tool,28-38-28,after,0.128563
tool,28-38-28,after,0.0575379
tool,28-38-28,after,0.0385827
tool,28-38-28,after,0.0475956
tool,28-38-28,after,0.0442563
tool,28-38-28,after,0.0331637
tool,28-38-28,after,0.0857897
tool,28-38-28,after,0.0242662
tool,28-38-28,after,0.450598
tool,28-38-28,after,0.0363535
tool,28-38-28,after,0.0271936
tool,28-38-28,after,0.0439486
tool,28-38-28,after,0.0808349
tool,28-38-28,after,0.484173
tool,28-38-28,after,0.036564
tool,28-38-28,after,0.0542532
tool,28-38-28,after,0.199686
tool,28-38-28,after,0.0775139
tool,28-38-28,after,0.0328081
tool,28-38-28,after,0.0276518
tool,28-38-28,after,0.0739049
tool,28-38-28,after,0.0761097
tool,28-38-28,after,0.0461725
tool,28-38-28,after,0.117666
tool,28-38-28,after,0.107454
tool,28-38-28,after,0.0229076
tool,28-38-28,after,0.0680387
tool,28-38-28,after,0.0242157
tool,28-38-28,after,0.127389
tool,28-38-28,after,0.0319276
tool,28-38-28,after,0.113915
tool,28-38-28,after,0.0487707
tool,28-38-28,after,0.0704284
tool,28-38-28,after,0.0776593
tool,28-38-28,after,0.0799394
tool,28-38-28,after,0.201836
tool,28-38-28,after,0.247662
tool,28-38-28,after,0.0658078
tool,28-38-28,after,0.0335892
tool,28-38-28,after,0.0482601
tool,28-38-28,after,0.064408
tool,28-38-28,after,0.123193
tool,28-38-28,after,0.730085
tool,28-38-28,after,0.0380081
tool,28-38-28,after,0.0262752
tool,28-38-28,after,0.0731072
tool,28-38-28,after,0.0831793
tool,28-38-28,after,0.0290481
tool,28-38-28,after,0.322737
tool,28-38-28,after,0.244449
tool,28-38-28,after,0.0618908
tool,28-38-28,after,0.0258866
tool,28-38-28,after,0.23124
tool,28-38-28,after,0.0262345
tool,28-38-28,after,0.0249127
tool,28-38-28,after,0.0861072
tool,28-38-28,after,0.0605175
tool,28-38-28,after,0.0268408
tool,28-38-28,after,0.176682
tool,28-38-28,after,0.168117
tool,28-38-28,after,0.150502
tool,28-38-28,after,0.0491952
tool,28-38-28,after,0.0428057
tool,28-38-28,after,0.0524008
tool,28-38-28,after,0.101457
tool,28-38-28,after,0.0816011
tool,28-38-28,after,0.0949402
tool,28-38-28,after,0.121635
tool,28-38-28,after,0.0557031
tool,28-38-28,after,0.0769719
tool,28-38-28,after,0.0282382
tool,28-38-28,after,0.043432
tool,28-38-28,after,0.0538963
tool,28-38-28,after,0.146204
tool,28-38-28,after,0.0372554
tool,28-38-28,after,0.148186
tool,28-38-28,after,0.458218
tool,28-38-28,after,0.0264964
tool,28-38-28,after,0.0844784
tool,28-38-28,after,0.0750661
tool,28-38-28,after,0.0855715
tool,28-38-28,after,0.0292148
tool,28-38-28,after,0.0705735
tool,28-38-28,after,0.159423
tool,28-38-28,after,0.0774951
tool,28-38-28,after,0.024913
tool,28-38-28,after,0.0618917
tool,28-38-28,after,0.0949518
tool,28-38-28,after,0.0398804
tool,28-38-28,after,0.0778186
tool,28-38-28,after,0.129633
tool,28-38-28,after,0.0249129
tool,28-38-28,after,0.120625
tool,28-38-28,after,0.0624563
tool,28-38-28,after,0.0323117
tool,28-38-28,after,0.0906759
tool,28-38-28,after,0.0389175
tool,28-38-28,after,0.0685356
tool,28-38-28,after,0.0240805
tool,28-38-28,after,0.0373734
tool,28-38-28,after,0.0423916
tool,28-38-28,after,0.0475129
tool,28-38-28,after,0.0243905
tool,28-38-28,after,0.0245814
tool,28-38-28,after,0.0432785
tool,28-38-28,after,0.0220152
tool,28-38-28,after,0.0579815
tool,28-38-28,after,0.0738299
tool,28-38-28,after,0.102228
tool,28-38-28,after,0.0722532
tool,28-38-28,after,0.0695763
tool,28-38-28,after,0.245601
tool,28-38-28,after,0.0380715
tool,28-38-28,after,0.0414191
tool,28-38-28,after,0.0723286
tool,28-38-28,after,0.036516
tool,28-38-28,after,0.0287044
tool,28-38-28,after,0.0292205
tool,28-38-28,after,0.152147
tool,28-38-28,after,0.0576076
tool,28-38-28,after,0.0258394
tool,28-38-28,after,0.0354725
tool,28-38-28,after,0.0398121
tool,28-38-28,after,0.160891
tool,28-38-28,after,0.0791462
tool,28-38-28,after,0.0527283
tool,28-38-28,after,0.0362253
tool,28-38-28,after,0.107333
tool,28-38-28,after,0.317822
tool,28-38-28,after,0.0543023
tool,28-38-28,after,0.0974461
tool,28-38-28,after,0.0913181
tool,28-38-28,after,0.023678
tool,28-38-28,after,0.0742097
tool,28-38-28,after,0.0478765
tool,28-38-28,after,0.110939
tool,28-38-28,after,0.0348824
tool,28-38-28,after,0.0574442
tool,28-38-28,after,0.0389863
tool,28-38-28,after,0.115998
tool,28-38-28,after,0.0629115
tool,28-38-28,after,0.101508
tool,28-38-28,after,0.170531
tool,28-38-28,after,0.0819376
tool,28-38-28,after,0.0416855
tool,28-38-28,after,0.0419137
tool,28-38-28,after,0.0918812
tool,28-38-28,after,0.0296011
tool,28-38-28,after,0.103626
tool,28-38-28,after,0.124541
tool,28-38-28,after,0.117244
tool,28-38-28,after,0.0616349
tool,28-38-28,after,0.0279587
tool,28-38-28,after,0.0353405
tool,28-38-28,after,0.0241856
tool,28-38-28,after,0.0392973
tool,28-38-28,after,0.0604984
tool,28-38-28,after,0.0851367
tool,28-38-28,after,0.0944592
tool,28-38-28,after,0.0277411
tool,28-38-28,after,0.052735
tool,28-38-28,after,0.18608
tool,28-38-28,after,0.0415444
tool,28-38-28,after,0.103183
tool,28-38-28,after,0.0460099
tool,28-38-28,after,0.0658699
tool,28-38-28,after,0.0575153
tool,28-38-28,after,0.0552936
tool,28-38-28,after,0.0209882
tool,28-38-28,after,0.0476872
tool,28-38-28,after,0.0268408
tool,28-38-12,before,0.117005
tool,28-38-12,before,0.0638933
tool,28-38-12,before,0.0333895
tool,28-38-12,before,1.13235
tool,28-38-12,before,0.0386862
tool,28-38-12,before,0.0367318
tool,28-38-12,before,0.23404
tool,28-38-12,before,0.0750799
tool,28-38-12,before,0.0331103
tool,28-38-12,before,0.0776721
tool,28-38-12,before,0.0393059
tool,28-38-12,before,0.0520768
tool,28-38-12,before,0.526768
tool,28-38-12,before,0.336366
tool,28-38-12,before,0.117132
tool,28-38-12,before,0.374477
tool,28-38-12,before,0.110201
tool,28-38-12,before,0.0249092
tool,28-38-12,before,0.0486132
tool,28-38-12,before,0.0916694
tool,28-38-12,before,0.693217
tool,28-38-12,before,0.0681601
tool,28-38-12,before,0.650577
tool,28-38-12,before,0.27051
tool,28-38-12,before,0.130917
tool,28-38-12,before,0.107331
tool,28-38-12,before,0.0375475
tool,28-38-12,before,0.238459
tool,28-38-12,before,0.0206386
tool,28-38-12,before,0.099753
tool,28-38-12,before,0.0420089
tool,28-38-12,before,0.0863934
tool,28-38-12,before,0.0265458
tool,28-38-12,before,0.0472253
tool,28-38-12,before,0.0308249
tool,28-38-12,before,0.0283917
tool,28-38-12,before,0.0667315
tool,28-38-12,before,0.0270934
tool,28-38-12,before,0.0454046
tool,28-38-12,before,0.203372
tool,28-38-12,before,0.115366
tool,28-38-12,before,0.1082
tool,28-38-12,before,0.0926564
tool,28-38-12,before,0.0332878
tool,28-38-12,before,0.0407853
tool,28-38-12,before,0.0344874
tool,28-38-12,before,0.0270426
tool,28-38-12,before,0.0658903
tool,28-38-12,before,0.0267971
tool,28-38-12,before,0.0270426
tool,28-38-12,before,0.0103193
tool,28-38-12,before,0.0484074
tool,28-38-12,before,0.0832348
tool,28-38-12,before,0.0914288
tool,28-38-12,before,0.0319811
tool,28-38-12,before,0.0995753
tool,28-38-12,before,0.521255
tool,28-38-12,before,0.024913
tool,28-38-12,before,0.172304
tool,28-38-12,before,0.0657259
tool,28-38-12,before,2.32914
tool,28-38-12,before,0.0647106
tool,28-38-12,before,0.0568795
tool,28-38-12,before,1.44636
tool,28-38-12,before,0.188083
tool,28-38-12,before,0.0531424
tool,28-38-12,before,0.106003
tool,28-38-12,before,0.0716463
tool,28-38-12,before,0.0658904
tool,28-38-12,before,0.0366752
tool,28-38-12,before,0.0476589
tool,28-38-12,before,0.4536
tool,28-38-12,before,0.0348486
tool,28-38-12,before,0.0281914
tool,28-38-12,before,0.0979193
tool,28-38-12,before,0.117503
tool,28-38-12,before,0.0412682
tool,28-38-12,before,0.265173
tool,28-38-12,before,0.116198
tool,28-38-12,before,0.0886926
tool,28-38-12,before,0.0457875
tool,28-38-12,before,0.0476964
tool,28-38-12,before,0.0725086
tool,28-38-12,before,0.0685088
tool,28-38-12,before,0.0939372
tool,28-38-12,before,0.0333925
tool,28-38-12,before,0.104253
tool,28-38-12,before,0.0535874
tool,28-38-12,before,0.0425859
tool,28-38-12,before,0.0310099
tool,28-38-12,before,0.0644363
tool,28-38-12,before,0.0324116
tool,28-38-12,before,0.173628
tool,28-38-12,before,0.0653208
tool,28-38-12,before,0.0430802
tool,28-38-12,before,0.0289619
tool,28-38-12,before,0.0478381
tool,28-38-12,before,0.0281907
tool,28-38-12,before,0.102779
tool,28-38-12,before,0.10406
tool,28-38-12,before,0.0388323
tool,28-38-12,before,0.0309579
tool,28-38-12,before,0.122379
tool,28-38-12,before,0.232479
tool,28-38-12,before,0.0360663
tool,28-38-12,before,0.113349
tool,28-38-12,before,0.0990412
tool,28-38-12,before,0.112792
tool,28-38-12,before,0.0382053
tool,28-38-12,before,0.3178
tool,28-38-12,before,0.197809
tool,28-38-12,before,0.12278
tool,28-38-12,before,0.120638
tool,28-38-12,before,0.0447564
tool,28-38-12,before,0.0912454
tool,28-38-12,before,0.035144
tool,28-38-12,before,0.0270426
tool,28-38-12,before,0.666065
tool,28-38-12,before,0.0892407
tool,28-38-12,before,0.0354525
tool,28-38-12,before,0.0615419
tool,28-38-12,before,0.0488668
tool,28-38-12,before,0.0713574
tool,28-38-12,before,0.112933
tool,28-38-12,before,0.0388612
tool,28-38-12,before,0.0353967
tool,28-38-12,before,0.105224
tool,28-38-12,before,0.0970703
tool,28-38-12,before,0.103313
tool,28-38-12,before,0.0352692
tool,28-38-12,before,0.0568172
tool,28-38-12,before,0.0320706
tool,28-38-12,before,0.492233
tool,28-38-12,before,0.0323598
tool,28-38-12,before,0.0444677
tool,28-38-12,before,0.0927553
tool,28-38-12,before,0.0323117
tool,28-38-12,before,0.159885
tool,28-38-12,before,0.0427359
tool,28-38-12,before,0.0585248
tool,28-38-12,before,0.105833
tool,28-38-12,before,0.0469531
tool,28-38-12,before,0.247997
tool,28-38-12,before,0.245886
tool,28-38-12,before,0.0527092
tool,28-38-12,before,0.0805569
tool,28-38-12,before,0.0569879
tool,28-38-12,before,0.2618
tool,28-38-12,before,0.0679091
tool,28-38-12,before,0.0928772
tool,28-38-12,before,0.274664
tool,28-38-12,before,0.105897
tool,28-38-12,before,0.181377
tool,28-38-12,before,0.142467
tool,28-38-12,before,0.035223
tool,28-38-12,before,0.0295523
tool,28-38-12,before,0.0852012
tool,28-38-12,before,0.128471
tool,28-38-12,before,0.121767
tool,28-38-12,before,0.100842
tool,28-38-12,before,0.0856806
tool,28-38-12,before,0.125262
tool,28-38-12,before,0.243948
tool,28-38-12,before,0.186045
tool,28-38-12,before,0.096731
tool,28-38-12,before,0.0402482
tool,28-38-12,before,0.0611366
tool,28-38-12,before,0.0250691
tool,28-38-12,after,0.108111
tool,28-38-12,after,0.0638561
tool,28-38-12,after,0.424431
tool,28-38-12,after,0.340186
tool,28-38-12,after,0.211572
tool,28-38-12,after,0.440004
tool,28-38-12,after,0.589295
tool,28-38-12,after,0.308586
tool,28-38-12,after,0.107113
tool,28-38-12,after,0.0753277
tool,28-38-12,after,0.257372
tool,28-38-12,after,2.23664
tool,28-38-12,after,0.0600457
tool,28-38-12,after,0.24513
tool,28-38-12,after,0.22248
tool,28-38-12,after,0.0241583
tool,28-38-12,after,0.0737571
tool,28-38-12,after,0.0245361
tool,28-38-12,after,0.0242368
tool,28-38-12,after,0.164096
tool,28-38-12,after,0.0333925
tool,28-38-12,after,0.0961194
tool,28-38-12,after,0.0390889
tool,28-38-12,after,0.0794859
tool,28-38-12,after,0.0278894
tool,28-38-12,after,0.0372177
tool,28-38-12,after,0.112496
tool,28-38-12,after,0.856554
tool,28-38-12,after,0.542327
tool,28-38-12,after,0.140542
tool,28-38-12,after,0.0847724
tool,28-38-12,after,0.044359
tool,28-38-12,after,0.0488854
tool,28-38-12,after,1.07117
tool,28-38-12,after,0.44568
tool,28-38-12,after,0.0951168
tool,28-38-12,after,0.0282184
tool,28-38-12,after,0.0771843
tool,28-38-12,after,0.0908516
tool,28-38-12,after,0.302867
tool,28-38-12,after,0.0629354
tool,28-38-12,after,0.177863
tool,28-38-12,after,0.0650536
tool,28-38-12,after,0.0811812
tool,28-38-12,after,0.204475
tool,28-38-12,after,0.111956
tool,28-38-12,after,0.207041
tool,28-38-12,after,0.0650883
tool,28-38-12,after,0.0586509
tool,28-38-12,after,0.197433
tool,28-38-12,after,0.0630069
tool,28-38-12,after,0.301073
tool,28-38-12,after,0.170353
tool,28-38-12,after,0.0668393
tool,28-38-12,after,0.0842962
tool,28-38-12,after,0.712637
tool,28-38-12,after,0.422795
tool,28-38-12,after,0.0851596
tool,28-38-12,after,0.118488
tool,28-38-12,after,0.235117
tool,28-38-12,after,0.0647995
tool,28-38-12,after,0.0442086
tool,28-38-12,after,0.0738714
tool,28-38-12,after,0.030079
tool,28-38-12,after,0.478044
tool,28-38-12,after,0.0825119
tool,28-38-12,after,0.0861398
tool,28-38-12,after,0.0402892
tool,28-38-12,after,0.111703
tool,28-38-12,after,0.0840415
tool,28-38-12,after,0.0270934
tool,28-38-12,after,0.0301647
tool,28-38-12,after,0.168231
tool,28-38-12,after,0.268814
tool,28-38-12,after,0.022932
tool,28-38-12,after,0.246932
tool,28-38-12,after,0.0619151
tool,28-38-12,after,0.0183806
tool,28-38-12,after,0.144066
tool,28-38-12,after,0.068896
tool,28-38-12,after,0.0262634
tool,28-38-12,after,0.0543392
tool,28-38-12,after,0.203297
tool,28-38-12,after,0.0673676
tool,28-38-12,after,0.0984874
tool,28-38-12,after,0.288939
tool,28-38-12,after,0.04934
tool,28-38-12,after,0.0372215
tool,28-38-12,after,0.0627528
tool,28-38-12,after,0.511862
tool,28-38-12,after,0.140397
tool,28-38-12,after,0.0486504
tool,28-38-12,after,0.062849
tool,28-38-12,after,0.0675337
tool,28-38-12,after,0.073191
tool,28-38-12,after,0.0269358
tool,28-38-12,after,0.0563905
tool,28-38-12,after,0.106664
tool,28-38-12,after,0.0619132
tool,28-38-12,after,0.0498891
tool,28-38-12,after,0.0353327
tool,28-38-12,after,0.0218813
tool,41-50-16,before,0.0608064
tool,41-50-16,before,0.04841
tool,41-50-16,before,0.424786
tool,41-50-16,before,1.15468
tool,41-50-16,before,0.718277
tool,41-50-16,before,0.26608
tool,41-50-16,before,0.0273181
tool,41-50-16,before,0.351464
tool,41-50-16,before,0.0331866
tool,41-50-16,before,0.0336026
tool,41-50-16,before,0.048915
tool,41-50-16,before,0.0524326
tool,41-50-16,before,0.0273321
tool,41-50-16,before,0.0689261
tool,41-50-16,before,0.0400251
tool,41-50-16,before,0.0854042
tool,41-50-16,before,0.0346562
tool,41-50-16,before,0.0264878
tool,41-50-16,before,0.0501545
tool,41-50-16,before,0.192574
tool,41-50-16,before,0.107684
tool,41-50-16,before,0.0498553
tool,41-50-16,before,0.099565
tool,41-50-16,before,0.101457
tool,41-50-16,before,0.0338243
tool,41-50-16,before,0.0568583
tool,41-50-16,before,0.0333213
tool,41-50-16,before,0.0658851
tool,41-50-16,before,0.0249129
tool,41-50-16,before,0.0323512
tool,41-50-16,before,0.0573245
tool,41-50-16,before,0.210271
tool,41-50-16,before,0.0549532
tool,41-50-16,before,0.0543856
tool,41-50-16,before,0.0417285
tool,41-50-16,before,0.211506
tool,41-50-16,before,0.0761149
tool,41-50-16,before,0.0382502
tool,41-50-16,before,0.0483603
tool,41-50-16,before,0.038491
tool,41-50-16,before,0.0323512
tool,41-50-16,before,0.106128
tool,41-50-16,before,0.0345563
tool,41-50-16,before,0.024007
tool,41-50-16,before,0.0242157
tool,41-50-16,before,0.47751
tool,41-50-16,before,0.103597
tool,41-50-16,before,0.102862
tool,41-50-16,before,0.0249116
tool,41-50-16,before,0.0427013
tool,41-50-16,before,0.0333651
tool,41-50-16,before,0.035533
tool,41-50-16,before,0.0298603
tool,41-50-16,before,0.079862
tool,41-50-16,before,0.0257087
tool,41-50-16,before,0.178035
tool,41-50-16,before,0.062316
tool,41-50-16,before,0.040725
tool,41-50-16,before,0.0242525
tool,41-50-16,before,0.022342
tool,41-50-16,before,0.0538875
tool,41-50-16,before,0.0632281
tool,41-50-16,before,0.0407934
tool,41-50-16,before,0.0881409
tool,41-50-16,before,0.0670281
tool,41-50-16,before,0.208882
tool,41-50-16,before,0.0201383
tool,41-50-16,before,0.25034
tool,41-50-16,before,0.131705
tool,41-50-16,before,0.146836
tool,41-50-16,before,0.0504023
tool,41-50-16,before,0.0333916
tool,41-50-16,before,0.122041
tool,41-50-16,before,0.0291447
tool,41-50-16,before,0.0342591
tool,41-50-16,before,0.0447628
tool,41-50-16,before,0.0354013
tool,41-50-16,before,0.0655222
tool,41-50-16,before,0.294866
tool,41-50-16,before,0.0758231
tool,41-50-16,before,0.0653911
tool,41-50-16,before,0.0668172
tool,41-50-16,before,0.0298187
tool,41-50-16,before,0.0354613
tool,41-50-16,before,0.0718537
tool,41-50-16,before,0.0490996
tool,41-50-16,before,0.0230564
tool,41-50-16,before,0.0423253
tool,41-50-16,before,0.206557
tool,41-50-16,before,0.024092
tool,41-50-16,before,0.379202
tool,41-50-16,before,0.0704804
tool,41-50-16,before,0.0654092
tool,41-50-16,before,0.0514631
tool,41-50-16,before,0.0486897
tool,41-50-16,before,0.0357515
tool,41-50-16,before,0.0736709
tool,41-50-16,before,0.0544622
tool,41-50-16,before,0.145934
tool,41-50-16,before,0.0811959
tool,41-50-16,before,0.091295
tool,41-50-16,before,0.0681141
tool,41-50-16,before,0.0866839
tool,41-50-16,before,0.0511427
tool,41-50-16,before,0.0689826
tool,41-50-16,before,0.0421661
tool,41-50-16,before,0.0753821
tool,41-50-16,before,0.0200793
tool,41-50-16,before,0.0425156
tool,41-50-16,before,0.0769683
tool,41-50-16,before,0.0783511
tool,41-50-16,before,0.468898
tool,41-50-16,before,0.0706672
tool,41-50-16,before,0.0908248
tool,41-50-16,before,0.141239
tool,41-50-16,before,0.044428
tool,41-50-16,before,0.0777852
tool,41-50-16,before,0.432369
tool,41-50-16,before,0.0619258
tool,41-50-16,before,0.0734944
tool,41-50-16,before,0.14447
tool,41-50-16,before,0.152328
tool,41-50-16,before,0.0795425
tool,41-50-16,before,0.0735086
tool,41-50-16,before,0.0176676
tool,41-50-16,before,0.648175
tool,41-50-16,before,0.0555202
tool,41-50-16,before,0.310735
tool,41-50-16,before,0.167485
tool,41-50-16,before,0.223279
tool,41-50-16,before,0.0756062
tool,41-50-16,before,0.0646097
tool,41-50-16,before,0.157669
tool,41-50-16,before,0.0787313
tool,41-50-16,before,0.0359989
tool,41-50-16,before,0.0424708
tool,41-50-16,before,0.361623
tool,41-50-16,before,0.0380751
tool,41-50-16,before,0.0271405
tool,41-50-16,before,0.0381122
tool,41-50-16,before,0.0276655
tool,41-50-16,before,0.13594
tool,41-50-16,before,0.0330983
tool,41-50-16,before,0.0254391
tool,41-50-16,before,0.0731131
tool,41-50-16,before,0.0866665
tool,41-50-16,before,0.027093
tool,41-50-16,before,0.0636851
tool,41-50-16,before,0.0389425
tool,41-50-16,before,0.0866056
tool,41-50-16,before,0.0487831
tool,41-50-16,before,0.028939
tool,41-50-16,before,0.0817542
tool,41-50-16,before,0.0276796
tool,41-50-16,before,0.0903855
tool,41-50-16,before,0.0434818
tool,41-50-16,before,0.0880383
tool,41-50-16,before,0.0470757
tool,41-50-16,before,0.0367318
tool,41-50-16,before,0.0580913
tool,41-50-16,before,0.0539756
tool,41-50-16,before,0.0672294
tool,41-50-16,before,0.0567276
tool,41-50-16,before,0.0458228
tool,41-50-16,before,0.0495952
tool,41-50-16,before,0.0341727
tool,41-50-16,before,0.0672003
tool,41-50-16,before,0.0505569
tool,41-50-16,before,0.0235299
tool,41-50-16,before,0.0309162
tool,41-50-16,before,0.0443173
tool,41-50-16,before,0.0606612
tool,41-50-16,before,0.107128
tool,41-50-16,before,0.0292706
tool,41-50-16,before,0.0778897
tool,41-50-16,before,0.0554919
tool,41-50-16,before,0.0250515
tool,41-50-16,before,0.0292505
tool,41-50-16,before,0.0380457
tool,41-50-16,before,0.0511126
tool,41-50-16,before,0.0249129
tool,41-50-16,before,0.0703652
tool,41-50-16,before,0.134572
tool,41-50-16,before,0.0586994
tool,41-50-16,before,0.0509341
tool,41-50-16,before,0.0482701
tool,41-50-16,before,0.160989
tool,41-50-16,before,0.0585244
tool,41-50-16,before,0.0551567
tool,41-50-16,before,0.0316459
tool,41-50-16,before,0.0417416
tool,41-50-16,before,0.0289373
tool,41-50-16,before,0.0328933
tool,41-50-16,before,0.0996864
tool,41-50-16,before,0.0357316
tool,41-50-16,before,0.0623666
tool,41-50-16,before,0.0386799
tool,41-50-16,before,0.0332358
tool,41-50-16,before,0.119032
tool,41-50-16,before,0.0408981
tool,41-50-16,before,0.0334514
tool,41-50-16,before,0.0980681
tool,41-50-16,before,0.0271936
tool,41-50-16,before,0.0277183
tool,41-50-16,before,0.0554757
tool,41-50-16,before,0.0526826
tool,41-50-16,before,0.0469226
tool,41-50-16,before,0.0332467
tool,41-50-16,before,0.19972
tool,41-50-16,before,0.0352974
tool,41-50-16,before,0.108027
tool,41-50-16,before,0.0321403
tool,41-50-16,before,0.045794
tool,41-50-16,before,0.0249107
tool,41-50-16,before,0.14598
tool,41-50-16,before,0.0396712
tool,41-50-16,before,0.0331866
tool,41-50-16,before,0.0391917
tool,41-50-16,before,0.0297313
tool,41-50-16,before,0.0552876
tool,41-50-16,before,0.0206386
tool,41-50-16,before,0.024211
tool,41-50-16,before,0.0953928
tool,41-50-16,before,0.0445445
tool,41-50-16,before,0.0323004
tool,41-50-16,before,0.121303
tool,41-50-16,before,0.144853
tool,41-50-16,before,0.042093
tool,41-50-16,before,0.0343855
tool,41-50-16,before,0.0512127
tool,41-50-16,before,0.0273726
tool,41-50-16,before,0.0323512
tool,41-50-16,before,0.0717831
tool,41-50-16,before,0.0267754
tool,41-50-16,before,0.258932
tool,41-50-16,before,0.0369007
tool,41-50-16,before,0.0857624
tool,41-50-16,before,0.293279
tool,41-50-16,before,0.0384918
tool,41-50-16,before,0.0550801
tool,41-50-16,before,0.0792982
tool,41-50-16,before,0.0450061
tool,41-50-16,before,0.0982083
tool,41-50-16,before,0.0522489
tool,41-50-16,before,0.0304706
tool,41-50-16,before,0.0490498
tool,41-50-16,before,0.0350172
tool,41-50-16,before,0.0351226
tool,41-50-16,before,0.19129
tool,41-50-16,before,0.0309579
tool,41-50-16,before,0.0283866
tool,41-50-16,before,0.0276442
tool,41-50-16,before,0.0337733
tool,41-50-16,before,0.0577854
tool,41-50-16,before,0.0341331
tool,41-50-16,before,0.0269531
tool,41-50-16,before,0.0293532
tool,41-50-16,before,0.032278
tool,41-50-16,before,0.0995426
tool,41-50-16,before,0.057826
tool,41-50-16,before,0.028046
tool,41-50-16,before,0.249226
tool,41-50-16,before,0.0332592
tool,41-50-16,before,0.0268408
tool,41-50-16,before,0.0380452
tool,41-50-16,before,0.0600148
tool,41-50-16,before,0.0241856
tool,41-50-16,before,0.0812634
tool,41-50-16,before,0.0432283
tool,41-50-16,before,0.0922171
tool,41-50-16,before,0.0856567
tool,41-50-16,before,0.110843
tool,41-50-16,before,0.0700113
tool,41-50-16,before,0.0301647
tool,41-50-16,before,0.0323512
tool,41-50-16,before,0.0464323
tool,41-50-16,before,0.0355846
tool,41-50-16,before,0.132337
tool,41-50-16,before,0.0552216
tool,41-50-16,before,0.0312975
tool,41-50-16,before,0.0580873
tool,41-50-16,before,0.0560963
tool,41-50-16,before,0.0949478
tool,41-50-16,before,0.0249037
tool,41-50-16,before,0.104766
tool,41-50-16,before,0.0937992
tool,41-50-16,before,0.0270345
tool,41-50-16,before,0.051082
tool,41-50-16,before,0.215408
tool,41-50-16,before,0.0575468
tool,41-50-16,before,0.088659
tool,41-50-16,before,0.0270934
tool,41-50-16,before,0.0508739
tool,41-50-16,before,0.181362
tool,41-50-16,before,0.0523319
tool,41-50-16,before,0.0588814
tool,41-50-16,before,0.0638675
tool,41-50-16,before,0.15449
tool,41-50-16,before,0.0337283
tool,41-50-16,before,0.037074
tool,41-50-16,before,0.0624425
tool,41-50-16,before,0.0503826
tool,41-50-16,before,0.147847
tool,41-50-16,before,0.152874
tool,41-50-16,before,0.0544712
tool,41-50-16,before,0.104801
tool,41-50-16,before,0.0490859
tool,41-50-16,before,0.0407772
tool,41-50-16,before,0.130425
tool,41-50-16,before,0.0478196
tool,41-50-16,before,0.046593
tool,41-50-16,before,0.0470268
tool,41-50-16,before,0.264823
tool,41-50-16,before,0.181365
tool,41-50-16,before,0.247492
tool,41-50-16,before,0.0521374
tool,41-50-16,before,0.0778719
tool,41-50-16,before,0.0685709
tool,41-50-16,before,0.105482
tool,41-50-16,before,0.0311173
tool,41-50-16,before,0.125207
tool,41-50-16,before,0.0512809
tool,41-50-16,before,0.0283917
tool,41-50-16,before,0.0389665
tool,41-50-16,before,0.154485
tool,41-50-16,before,0.0402834
tool,41-50-16,before,0.0371129
tool,41-50-16,before,0.0472636
tool,41-50-16,before,0.0684762
tool,41-50-16,before,0.0363767
tool,41-50-16,before,0.0931863
tool,41-50-16,before,0.0445268
tool,41-50-16,before,0.0197231
tool,41-50-16,before,0.0417023
tool,41-50-16,before,0.10408
tool,41-50-16,before,0.0502227
tool,41-50-16,before,0.0794949
tool,41-50-16,before,0.0615083
tool,41-50-16,before,0.256361
tool,41-50-16,before,0.0333923
tool,41-50-16,before,0.0333925
tool,41-50-16,before,0.0661722
tool,41-50-16,before,0.0730779
tool,41-50-16,before,0.0426947
tool,41-50-16,before,0.0190026
tool,41-50-16,before,0.13785
tool,41-50-16,before,0.0428062
tool,41-50-16,before,0.0437243
tool,41-50-16,before,0.0730887
tool,41-50-16,before,0.0938499
tool,41-50-16,before,0.0392182
tool,41-50-16,before,0.0672515
tool,41-50-16,before,0.0260579
tool,41-50-16,before,0.0729392
tool,41-50-16,before,0.161171
tool,41-50-16,before,0.0638394
tool,41-50-16,before,0.103405
tool,41-50-16,before,0.0576192
tool,41-50-16,before,0.0399604
tool,41-50-16,before,0.0523303
tool,41-50-16,before,0.0637411
tool,41-50-16,before,0.0293008
tool,41-50-16,before,0.0421884
tool,41-50-16,before,0.0406306
tool,41-50-16,before,0.0353712
tool,41-50-16,before,0.024305
tool,41-50-16,before,0.0427403
tool,41-50-16,before,0.172098
tool,41-50-16,before,0.0924641
tool,41-50-16,before,0.0755256
tool,41-50-16,before,0.0525009
tool,41-50-16,before,0.186528
tool,41-50-16,before,0.0290481
tool,41-50-16,before,0.0648851
tool,41-50-16,before,0.139609
tool,41-50-16,before,0.17318
tool,41-50-16,before,0.0403404
tool,41-50-16,before,0.0721637
tool,41-50-16,before,0.0290481
tool,41-50-16,before,0.148723
tool,41-50-16,before,0.106054
tool,41-50-16,before,0.03977
tool,41-50-16,before,0.0304314
tool,41-50-16,before,0.22704
tool,41-50-16,before,0.141994
tool,41-50-16,before,0.0453074
tool,41-50-16,before,0.024092
tool,41-50-16,before,0.0811245
tool,41-50-16,before,0.0690043
tool,41-50-16,before,0.0948639
tool,41-50-16,before,0.0509351
tool,41-50-16,before,0.0275364
tool,41-50-16,before,0.0255276
tool,41-50-16,before,0.06262
tool,41-50-16,before,0.0329477
tool,41-50-16,before,0.0293527
tool,41-50-16,before,0.0267575
tool,41-50-16,before,0.0391117
tool,41-50-16,before,0.0353788
tool,41-50-16,before,0.195168
tool,41-50-16,before,0.102618
tool,41-50-16,before,0.0330427
tool,41-50-16,before,0.0268044
tool,41-50-16,before,0.272165
tool,41-50-16,before,0.10712
tool,41-50-16,before,0.122246
tool,41-50-16,before,0.180297
tool,41-50-16,before,0.0292948
tool,41-50-16,before,0.0289373
tool,41-50-16,before,0.029967
tool,41-50-16,before,0.0485133
tool,41-50-16,before,0.0854026
tool,41-50-16,before,0.205969
tool,41-50-16,before,0.107586
tool,41-50-16,before,0.0603564
tool,41-50-16,before,0.0445392
tool,41-50-16,before,0.122348
tool,41-50-16,before,0.0314526
tool,41-50-16,before,0.0784391
tool,41-50-16,before,0.0355885
tool,41-50-16,before,0.0217826
tool,41-50-16,before,0.139812
tool,41-50-16,before,0.029374
tool,41-50-16,before,0.0673333
tool,41-50-16,before,0.0626865
tool,41-50-16,before,0.0884807
tool,41-50-16,before,0.0262634
tool,41-50-16,before,0.0802111
tool,41-50-16,before,0.116582
tool,41-50-16,before,0.0273986
tool,41-50-16,before,0.0624411
tool,41-50-16,before,0.0267417
tool,41-50-16,before,0.0354496
tool,41-50-16,before,0.0885466
tool,41-50-16,before,0.0827051
tool,41-50-16,before,0.0978854
tool,41-50-16,before,0.13173
tool,41-50-16,before,0.0768861
tool,41-50-16,before,0.222107
tool,41-50-16,before,0.085976
tool,41-50-16,before,0.0531658
tool,41-50-16,before,0.0404704
tool,41-50-16,before,0.0379633
tool,41-50-16,before,0.041142
tool,41-50-16,before,0.0333915
tool,41-50-16,before,0.0603503
tool,41-50-16,before,0.0590397
tool,41-50-16,before,0.0334967
tool,41-50-16,before,0.0468557
tool,41-50-16,before,0.02579
tool,41-50-16,before,0.0862478
tool,41-50-16,before,0.396255
tool,41-50-16,before,0.0544531
tool,41-50-16,before,0.0242518
tool,41-50-16,before,0.147731
tool,41-50-16,before,0.049526
tool,41-50-16,before,0.041273
tool,41-50-16,before,0.0363692
tool,41-50-16,before,0.0316076
tool,41-50-16,before,0.0858723
tool,41-50-16,before,0.0333934
tool,41-50-16,before,0.124698
tool,41-50-16,before,0.0323512
tool,41-50-16,before,0.0898244
tool,41-50-16,before,0.0477272
tool,41-50-16,before,0.0453406
tool,41-50-16,before,0.28632
tool,41-50-16,before,0.0744495
tool,41-50-16,before,0.0444309
tool,41-50-16,before,0.023505
tool,41-50-16,before,0.0323797
tool,41-50-16,before,0.04739
tool,41-50-16,before,0.121635
tool,41-50-16,before,0.104175
tool,41-50-16,before,0.0960021
tool,41-50-16,before,0.0332358
tool,41-50-16,before,0.0249068
tool,41-50-16,before,0.0423149
tool,41-50-16,before,0.0231743
tool,41-50-16,before,0.0304459
tool,41-50-16,before,0.0333925
tool,41-50-16,before,0.040331
tool,41-50-16,before,0.0527206
tool,41-50-16,before,0.049951
tool,41-50-16,before,0.0220915
tool,41-50-16,before,0.107368
tool,41-50-16,before,0.231295
tool,41-50-16,before,0.0992384
tool,41-50-16,before,0.166974
tool,41-50-16,before,0.0528486
tool,41-50-16,before,0.0714039
tool,41-50-16,before,0.0629106
tool,41-50-16,before,0.0885834
tool,41-50-16,before,0.102632
tool,41-50-16,before,0.0769865
tool,41-50-16,before,0.0969952
tool,41-50-16,before,0.0327159
tool,41-50-16,before,0.0465164
tool,41-50-16,before,0.0242667
tool,41-50-16,before,0.0449674
tool,41-50-16,before,0.0652237
tool,41-50-16,before,0.098787
tool,41-50-16,before,0.278971
tool,41-50-16,before,0.116257
tool,41-50-16,before,0.151296
tool,41-50-16,before,0.135359
tool,41-50-16,before,0.0587128
tool,41-50-16,before,0.150999
tool,41-50-16,before,0.131962
tool,41-50-16,before,0.127134
tool,41-50-16,before,0.137619
tool,41-50-16,before,0.0271723
tool,41-50-16,before,0.178029
tool,41-50-16,before,0.0285951
tool,41-50-16,before,0.0534465
tool,41-50-16,before,0.0575591
tool,41-50-16,before,0.0455649
tool,41-50-16,before,0.0242207
tool,41-50-16,before,0.0780913
tool,41-50-16,before,0.037627
tool,41-50-16,before,0.020931
tool,41-50-16,before,0.0674228
tool,41-50-16,before,0.0830775
tool,41-50-16,before,0.285417
tool,41-50-16,before,0.0392745
tool,41-50-16,before,0.0624494
tool,41-50-16,before,0.201463
tool,41-50-16,before,0.111366
tool,41-50-16,before,0.0732603
tool,41-50-16,before,0.208323
tool,41-50-16,before,0.0393173
tool,41-50-16,before,0.0557151
tool,41-50-16,before,0.0222922
tool,41-50-16,before,0.0564472
tool,41-50-16,before,0.0649494
tool,41-50-16,before,0.100257
tool,41-50-16,before,0.175646
tool,41-50-16,before,0.0753869
tool,41-50-16,before,0.043236
tool,41-50-16,before,0.029629
tool,41-50-16,before,0.0832234
tool,41-50-16,before,0.0299048
tool,41-50-16,before,0.0351554
tool,41-50-16,before,0.397868
tool,41-50-16,before,0.143964
tool,41-50-16,before,0.128871
tool,41-50-16,before,0.038179
tool,41-50-16,before,0.0241472
tool,41-50-16,before,0.0409818
tool,41-50-16,before,0.0934463
tool,41-50-16,before,0.0340786
tool,41-50-16,before,0.164796
tool,41-50-16,before,0.0423414
tool,41-50-16,before,0.0553463
tool,41-50-16,before,0.0583489
tool,41-50-16,before,0.0929113
tool,41-50-16,before,0.0633969
tool,41-50-16,before,0.335177
tool,41-50-16,before,0.040429
tool,41-50-16,before,0.083538
tool,41-50-16,before,0.0500509
tool,41-50-16,before,0.0432529
tool,41-50-16,before,0.0324463
tool,41-50-16,before,0.0508547
tool,41-50-16,before,0.0542161
tool,41-50-16,before,0.0244239
tool,41-50-16,before,0.0940501
tool,41-50-16,before,0.0530744
tool,41-50-16,before,0.0458141
tool,41-50-16,before,0.0723842
tool,41-50-16,before,0.123007
tool,41-50-16,before,0.0929475
tool,41-50-16,before,0.0511569
tool,41-50-16,before,0.120496
tool,41-50-16,before,0.0271003
tool,41-50-16,before,0.0811339
tool,41-50-16,before,0.0971148
tool,41-50-16,before,0.0243591
tool,41-50-16,before,0.0353277
tool,41-50-16,before,0.042882
tool,41-50-16,before,0.0333899
tool,41-50-16,before,0.0552614
tool,41-50-16,before,0.0249107
tool,41-50-16,before,0.076372
tool,41-50-16,before,0.0734969
tool,41-50-16,before,0.157073
tool,41-50-16,before,0.0290481
tool,41-50-16,before,0.0394219
tool,41-50-16,before,0.0291398
tool,41-50-16,before,0.0587193
tool,41-50-16,before,0.0412127
tool,41-50-16,before,0.0242375
tool,41-50-16,before,0.118364
tool,41-50-16,before,0.033095
tool,41-50-16,before,0.0355668
tool,41-50-16,before,0.0645719
tool,41-50-16,before,0.031415
tool,41-50-16,before,0.0460814
tool,41-50-16,before,0.0319077
tool,41-50-16,before,0.0701783
tool,41-50-16,before,0.0254671
tool,41-50-16,before,0.0464028
tool,41-50-16,before,0.0258433
tool,41-50-16,before,0.0600941
tool,41-50-16,before,0.0345984
tool,41-50-16,before,0.131554
tool,41-50-16,before,0.0362767
tool,41-50-16,before,0.029326
tool,41-50-16,before,0.125289
tool,41-50-16,before,0.068173
tool,41-50-16,before,0.0392426
tool,41-50-16,before,0.032063
tool,41-50-16,before,0.0290481
tool,41-50-16,before,0.0555552
tool,41-50-16,before,0.0374301
tool,41-50-16,before,0.0352881
tool,41-50-16,before,0.0323523
tool,41-50-16,before,0.0817849
tool,41-50-16,before,0.136127
tool,41-50-16,before,0.0787326
tool,41-50-16,before,0.0240272
tool,41-50-16,before,0.0425451
tool,41-50-16,before,0.0639482
tool,41-50-16,before,0.112332
tool,41-50-16,before,0.0694163
tool,41-50-16,before,0.0671536
tool,41-50-16,before,0.0283781
tool,41-50-16,before,0.0523109
tool,41-50-16,before,0.0348506
tool,41-50-16,before,0.0353709
tool,41-50-16,before,0.024007
tool,41-50-16,before,0.0629125
tool,41-50-16,before,0.12255
tool,41-50-16,before,0.0359234
tool,41-50-16,before,0.165273
tool,41-50-16,before,0.0845229
tool,41-50-16,before,0.0262216
tool,41-50-16,before,0.048965
tool,41-50-16,before,0.0320585
tool,41-50-16,before,0.0947405
tool,41-50-16,before,0.124776
tool,41-50-16,before,0.0333417
tool,41-50-16,before,0.0785101
tool,41-50-16,before,0.060551
tool,41-50-16,before,0.129712
tool,41-50-16,before,0.0693455
tool,41-50-16,before,0.119449
tool,41-50-16,before,0.0487706
tool,41-50-16,before,0.0426919
tool,41-50-16,before,0.0625603
tool,41-50-16,before,0.042788
tool,41-50-16,before,0.114616
tool,41-50-16,before,0.0245802
tool,41-50-16,before,0.0843082
tool,41-50-16,before,0.124436
tool,41-50-16,before,0.040022
tool,41-50-16,before,0.027789
tool,41-50-16,before,0.044019
tool,41-50-16,before,0.178594
tool,41-50-16,before,0.0757234
tool,41-50-16,before,0.115545
tool,41-50-16,before,0.0355832
tool,41-50-16,before,0.088492
tool,41-50-16,before,0.0930485
tool,41-50-16,before,0.505807
tool,41-50-16,before,0.287449
tool,41-50-16,before,0.0546148
tool,41-50-16,before,0.0983314
tool,41-50-16,before,0.0274594
tool,41-50-16,before,0.0528608
tool,41-50-16,before,0.0756431
tool,41-50-16,before,0.0402765
tool,41-50-16,before,0.0239525
tool,41-50-16,before,0.0425894
tool,41-50-16,before,0.0250515
tool,41-50-16,before,0.0327273
tool,41-50-16,before,0.209401
tool,41-50-16,before,0.0666916
tool,41-50-16,before,0.109815
tool,41-50-16,before,0.0309579
tool,41-50-16,before,0.310956
tool,41-50-16,before,0.0471187
tool,41-50-16,before,0.0286752
tool,41-50-16,before,0.107856
tool,41-50-16,before,0.0252072
tool,41-50-16,before,0.0498982
tool,41-50-16,before,0.0611793
tool,41-50-16,before,0.0293828
tool,41-50-16,before,0.127242
tool,41-50-16,before,0.355433
tool,41-50-16,before,0.0347468
tool,41-50-16,before,0.103241
tool,41-50-16,before,0.0752719
tool,41-50-16,before,0.111931
tool,41-50-16,before,0.0435239
tool,41-50-16,before,0.0795419
tool,41-50-16,before,0.0558258
tool,41-50-16,before,0.0865391
tool,41-50-16,before,0.0439617
tool,41-50-16,before,0.0495116
tool,41-50-16,before,0.0426857
tool,41-50-16,before,0.100518
tool,41-50-16,before,0.0242161
tool,41-50-16,before,0.156172
tool,41-50-16,before,0.0576051
tool,41-50-16,before,0.0502895
tool,41-50-16,before,0.0938126
tool,41-50-16,before,0.0291181
tool,41-50-16,before,0.0375107
tool,41-50-16,before,0.0347982
tool,41-50-16,before,0.0467017
tool,41-50-16,before,0.0515224
tool,41-50-16,before,0.0634162
tool,41-50-16,before,0.0331757
tool,41-50-16,before,0.0276645
tool,41-50-16,before,0.0496529
tool,41-50-16,before,0.0242157
tool,41-50-16,before,0.075944
tool,41-50-16,before,0.0874325
tool,41-50-16,before,0.0373378
tool,41-50-16,before,0.0639464
tool,41-50-16,before,0.0257369
tool,41-50-16,before,0.0322911
tool,41-50-16,before,0.0837429
tool,41-50-16,before,0.0640029
tool,41-50-16,before,0.0355963
tool,41-50-16,before,0.0444327
tool,41-50-16,before,0.0285951
tool,41-50-16,before,0.112712
tool,41-50-16,before,0.205204
tool,41-50-16,before,0.0628703
tool,41-50-16,before,0.141064
tool,41-50-16,before,0.024913
tool,41-50-16,before,0.0289373
tool,41-50-16,before,0.0399411
tool,41-50-16,before,0.0921946
tool,41-50-16,before,0.0519393
tool,41-50-16,before,0.0243905
tool,41-50-16,before,0.0331688
tool,41-50-16,before,0.0719126
tool,41-50-16,before,0.0424143
tool,41-50-16,before,0.0411651
tool,41-50-16,before,0.0325081
tool,41-50-16,before,0.0555833
tool,41-50-16,before,0.0408517
tool,41-50-16,before,0.0309798
tool,41-50-16,before,0.0361442
tool,41-50-16,before,0.0909599
tool,41-50-16,before,0.056385
tool,41-50-16,before,0.0396438
tool,41-50-16,before,0.0247068
tool,41-50-16,before,0.102662
tool,41-50-16,before,0.0553767
tool,41-50-16,before,0.0262634
tool,41-50-16,before,0.0798226
tool,41-50-16,before,0.109737
tool,41-50-16,before,0.142463
tool,41-50-16,before,0.197693
tool,41-50-16,before,0.0524696
tool,41-50-16,before,0.0371548
tool,41-50-16,before,0.0409632
tool,41-50-16,before,0.0333846
tool,41-50-16,before,0.024007
tool,41-50-16,before,0.0564793
tool,41-50-16,before,0.068957
tool,41-50-16,before,0.475486
tool,41-50-16,before,0.0224543
tool,41-50-16,before,0.037142
tool,41-50-16,before,0.0934648
tool,41-50-16,before,0.024092
tool,41-50-16,before,0.0411227
tool,41-50-16,before,0.0349429
tool,41-50-16,before,0.0475212
tool,41-50-16,before,0.0290999
tool,41-50-16,before,0.043897
tool,41-50-16,before,0.0309579
tool,41-50-16,before,0.12552
tool,41-50-16,before,0.0290344
tool,41-50-16,before,0.102203
tool,41-50-16,before,0.162411
tool,41-50-16,before,0.0283043
tool,41-50-16,before,0.0243176
tool,41-50-16,before,0.0298897
tool,41-50-16,before,0.039576
tool,41-50-16,before,0.0405447
tool,41-50-16,before,0.0700993
tool,41-50-16,before,0.0455323
tool,41-50-16,before,0.0297265
tool,41-50-16,before,0.0924901
tool,41-50-16,before,0.0281925
tool,41-50-16,before,0.0406402
tool,41-50-16,before,0.0795307
tool,41-50-16,before,0.0411569
tool,41-50-16,before,0.0475029
tool,41-50-16,before,0.0438086
tool,41-50-16,before,0.0270345
tool,41-50-16,before,0.0348486
tool,41-50-16,before,0.0456734
tool,41-50-16,before,0.114296
tool,41-50-16,before,0.0388754
tool,41-50-16,before,0.0837042
tool,41-50-16,before,0.0807188
tool,41-50-16,before,0.123686
tool,41-50-16,before,0.0762203
tool,41-50-16,before,0.0682904
tool,41-50-16,before,0.0781361
tool,41-50-16,before,0.02398
tool,41-50-16,before,0.0331817
tool,41-50-16,before,0.030095
tool,41-50-16,before,0.0599956
tool,41-50-16,before,0.0700722
tool,41-50-16,before,0.0260136
tool,41-50-16,before,0.0515511
tool,41-50-16,before,0.024913
tool,41-50-16,before,0.0847156
tool,41-50-16,before,1.72046
tool,41-50-16,before,0.0342078
tool,41-50-16,before,0.0331062
tool,41-50-16,before,0.0246852
tool,41-50-16,before,0.0383454
tool,41-50-16,before,0.0433042
tool,41-50-16,before,0.146641
tool,41-50-16,before,0.0411649
tool,41-50-16,before,0.097511
tool,41-50-16,before,0.0955954
tool,41-50-16,before,0.0483874
tool,41-50-16,before,0.0666788
tool,41-50-16,before,0.0393574
tool,41-50-16,before,0.0634877
tool,41-50-16,before,0.0333929
tool,41-50-16,before,0.111899
tool,41-50-16,before,0.0639011
tool,41-50-16,before,0.0413227
tool,41-50-16,before,0.0487831
tool,41-50-16,before,0.0682718
tool,41-50-16,before,0.081253
tool,41-50-16,before,0.0330378
tool,41-50-16,before,0.0956515
tool,41-50-16,before,0.0337387
tool,41-50-16,before,0.0440184
tool,41-50-16,before,0.0324845
tool,41-50-16,before,0.0566447
tool,41-50-16,before,0.0291223
tool,41-50-16,before,0.0297313
tool,41-50-16,before,0.174296
tool,41-50-16,before,0.0772583
tool,41-50-16,before,0.0597768
tool,41-50-16,before,0.0509891
tool,41-50-16,before,0.307942
tool,41-50-16,before,0.0574407
tool,41-50-16,before,0.0471061
tool,41-50-16,before,0.0873699
tool,41-50-16,before,0.019699
tool,41-50-16,before,0.0583383
tool,41-50-16,before,0.0333915
tool,41-50-16,before,0.0332405
tool,41-50-16,before,0.0533281
tool,41-50-16,before,0.0333929
tool,41-50-16,before,0.0579587
tool,41-50-16,before,0.0570751
tool,41-50-16,before,0.107983
tool,41-50-16,before,0.051755
tool,41-50-16,before,0.0355846
tool,41-50-16,before,0.0938619
tool,41-50-16,before,0.0572661
tool,41-50-16,before,0.0727376
tool,41-50-16,before,0.032275
tool,41-50-16,before,0.0626333
tool,41-50-16,before,0.0443472
tool,41-50-16,before,0.175512
tool,41-50-16,before,0.0874566
tool,41-50-16,before,0.0273792
tool,41-50-16,before,0.287911
tool,41-50-16,before,0.0642124
tool,41-50-16,before,0.0681984
tool,41-50-16,before,0.0627131
tool,41-50-16,before,0.244812
tool,41-50-16,before,0.0404752
tool,41-50-16,before,0.0541393
tool,41-50-16,before,0.0260136
tool,41-50-16,before,0.109767
tool,41-50-16,before,0.0830195
tool,41-50-16,before,0.0905772
tool,41-50-16,before,0.024913
tool,41-50-16,before,0.0333863
tool,41-50-16,before,0.208681
tool,41-50-16,before,0.0973974
tool,41-50-16,before,0.0243176
tool,41-50-16,before,0.0395066
tool,41-50-16,before,0.0524895
tool,41-50-16,before,0.043973
tool,41-50-16,before,0.0285955
tool,41-50-16,before,0.0332213
tool,41-50-16,before,0.0614803
tool,41-50-16,before,0.176014
tool,41-50-16,before,0.0395054
tool,41-50-16,before,0.0945769
tool,41-50-16,before,0.210801
tool,41-50-16,before,0.230375
tool,41-50-16,before,0.0274765
tool,41-50-16,before,0.0983251
tool,41-50-16,before,0.0383538
tool,41-50-16,before,0.0447931
tool,41-50-16,before,0.0239525
tool,41-50-16,before,0.0531369
tool,41-50-16,before,0.0310891
tool,41-50-16,before,0.0546263
tool,41-50-16,before,0.031266
tool,41-50-16,before,0.0555001
tool,41-50-16,before,0.0472406
tool,41-50-16,before,0.0769584
tool,41-50-16,before,0.0268915
tool,41-50-16,before,0.160221
tool,41-50-16,before,0.0436353
tool,41-50-16,before,0.0385306
tool,41-50-16,before,0.224639
tool,41-50-16,before,0.0333451
tool,41-50-16,before,0.0410895
tool,41-50-16,before,0.0884765
tool,41-50-16,before,0.0401673
tool,41-50-16,before,0.0923807
tool,41-50-16,before,0.0371323
tool,41-50-16,before,0.224271
tool,41-50-16,before,0.033563
tool,41-50-16,before,0.041836
tool,41-50-16,before,0.0500274
tool,41-50-16,before,0.228784
tool,41-50-16,before,0.0455802
tool,41-50-16,before,0.0766158
tool,41-50-16,before,0.0522853
tool,41-50-16,before,0.0658915
tool,41-50-16,before,0.0346562
tool,41-50-16,before,0.0704046
tool,41-50-16,before,0.0283917
tool,41-50-16,before,0.0271936
tool,41-50-16,before,0.041538
tool,41-50-16,before,0.0246416
tool,41-50-16,before,0.0234343
tool,41-50-16,before,0.0625956
tool,41-50-16,before,0.0324781
tool,41-50-16,before,0.105708
tool,41-50-16,before,0.0275357
tool,41-50-16,before,0.0889087
tool,41-50-16,before,0.0650295
tool,41-50-16,before,0.0357001
tool,41-50-16,before,0.115024
tool,41-50-16,before,0.0376862
tool,41-50-16,before,0.129132
tool,41-50-16,before,0.0391892
tool,41-50-16,before,0.190658
tool,41-50-16,before,0.0771976
tool,41-50-16,before,0.0358881
tool,41-50-16,before,0.0281903
tool,41-50-16,before,0.0328298
tool,41-50-16,before,0.0458765
tool,41-50-16,before,0.200787
tool,41-50-16,before,0.0354796
tool,41-50-16,before,0.116457
tool,41-50-16,before,0.216578
tool,41-50-16,before,0.0563041
tool,41-50-16,before,0.0429802
tool,41-50-16,before,0.0978637
tool,41-50-16,before,0.0854356
tool,41-50-16,before,0.128908
tool,41-50-16,before,0.0294282
tool,41-50-16,before,0.075169
tool,41-50-16,before,0.0512577
tool,41-50-16,before,0.0408061
tool,41-50-16,before,0.0241777
tool,41-50-16,before,0.0249127
tool,41-50-16,before,0.0611825
tool,41-50-16,before,0.128283
tool,41-50-16,before,0.053898
tool,41-50-16,before,0.199585
tool,41-50-16,before,0.105398
tool,41-50-16,before,0.0278666
tool,41-50-16,before,0.0757279
tool,41-50-16,before,0.0275588
tool,41-50-16,before,0.0243905
tool,41-50-16,before,0.0439327
tool,41-50-16,before,0.163869
tool,41-50-16,before,0.0488063
tool,41-50-16,before,0.0428525
tool,41-50-16,before,0.0499637
tool,41-50-16,before,0.0467477
tool,41-50-16,before,0.0282053
tool,41-50-16,before,0.0902874
tool,41-50-16,before,0.130646
tool,41-50-16,before,0.0727734
tool,41-50-16,before,0.0656297
tool,41-50-16,before,0.15405
tool,41-50-16,before,0.0296449
tool,41-50-16,before,0.283141
tool,41-50-16,before,0.0575489
tool,41-50-16,before,0.0249114
tool,41-50-16,before,0.0825222
tool,41-50-16,before,0.0293842
tool,41-50-16,before,0.0277411
tool,41-50-16,before,0.192441
tool,41-50-16,before,0.031179
tool,41-50-16,before,0.113526
tool,41-50-16,before,0.0961026
tool,41-50-16,before,0.0299938
tool,41-50-16,before,0.0498532
tool,41-50-16,before,0.2135
tool,41-50-16,before,0.0294203
tool,41-50-16,before,0.0249127
tool,41-50-16,before,0.162127
tool,41-50-16,before,0.150424
tool,41-50-16,before,0.0244927
tool,41-50-16,before,0.0348105
tool,41-50-16,before,0.0489056
tool,41-50-16,before,0.0795385
tool,41-50-16,before,0.0242525
tool,41-50-16,before,0.0504515
tool,41-50-16,before,0.0349374
tool,41-50-16,before,0.152556
tool,41-50-16,before,0.0650061
tool,41-50-16,before,0.066906
tool,41-50-16,before,0.0410461
tool,41-50-16,before,0.0536783
tool,41-50-16,before,0.0343591
tool,41-50-16,before,0.0260488
tool,41-50-16,before,0.213033
tool,41-50-16,before,0.0467494
tool,41-50-16,before,0.0340957
tool,41-50-16,before,0.0249107
tool,41-50-16,before,0.12767
tool,41-50-16,before,0.1144
tool,41-50-16,before,0.0275927
tool,41-50-16,before,0.347262
tool,41-50-16,before,0.0332297
tool,41-50-16,before,0.0241831
tool,41-50-16,before,0.0240272
tool,41-50-16,before,0.0499505
tool,41-50-16,before,0.0525774
tool,41-50-16,before,0.116422
tool,41-50-16,before,0.0284743
tool,41-50-16,before,0.191134
tool,41-50-16,before,0.0356803
tool,41-50-16,before,0.049308
tool,41-50-16,before,0.0242516
tool,41-50-16,before,0.0852926
tool,41-50-16,before,0.0243977
tool,41-50-16,before,0.0243764
tool,41-50-16,before,0.039487
tool,41-50-16,before,0.0623116
tool,41-50-16,before,0.0239525
tool,41-50-16,before,0.0247555
tool,41-50-16,before,0.0245361
tool,41-50-16,before,0.024164
tool,41-50-16,before,0.0269531
tool,41-50-16,before,0.200859
tool,41-50-16,before,0.0412621
tool,41-50-16,before,0.0672599
tool,41-50-16,before,0.023498
tool,41-50-16,before,0.0779832
tool,41-50-16,before,0.0515965
tool,41-50-16,before,0.073304
tool,41-50-16,before,0.0473779
tool,41-50-16,before,0.0290463
tool,41-50-16,after,0.0249124
tool,41-50-16,after,0.0178291
tool,41-50-16,after,0.0249129
tool,41-50-16,after,0.0242685
tool,41-50-16,after,0.0249124
tool,41-50-16,after,0.0261679
tool,41-50-16,after,0.0259865
tool,41-50-16,after,0.0246047
tool,41-50-16,after,0.0235904
tool,41-50-16,after,0.0232246
tool,41-50-16,after,0.0262634
tool,41-50-16,after,0.0273181
tool,41-50-16,after,0.0242811
tool,41-50-16,after,0.0217921
tool,41-50-16,after,0.024913
tool,41-50-16,after,0.0247068
tool,41-50-16,after,0.03466
tool,41-50-16,after,0.0262634
tool,41-50-16,after,0.0277115
tool,41-50-16,after,0.0260563
tool,41-50-16,after,0.0278634
tool,41-50-16,after,0.0331546
tool,41-50-16,after,0.0323512
tool,41-50-16,after,0.028664
tool,41-50-16,after,0.0279762
tool,41-50-16,after,0.0264869
tool,41-50-16,after,0.0355787
tool,41-50-16,after,0.024789
tool,41-50-16,after,0.0364732
tool,41-50-16,after,0.030587
tool,41-50-16,after,0.0282844
tool,41-50-16,after,0.0366659
tool,41-50-16,after,0.0263634
tool,41-50-16,after,0.0363073
tool,41-50-16,after,0.0345542
tool,41-50-16,after,0.0348664
tool,41-50-16,after,0.0299623
tool,41-50-16,after,0.0309487
tool,41-50-16,after,0.0430885
tool,41-50-16,after,0.031926
tool,41-50-16,after,0.0383386
tool,41-50-16,after,0.0408299
tool,41-50-16,after,0.0348824
tool,41-50-16,after,0.0374497
tool,41-50-16,after,0.0473217
tool,41-50-16,after,0.0508445
tool,41-50-16,after,0.0353554
tool,41-50-16,after,0.0415571
tool,41-50-16,after,0.0328686
tool,41-50-16,after,0.052717
tool,41-50-16,after,0.0385033
tool,41-50-16,after,0.0318358
tool,41-50-16,after,0.040721
tool,41-50-16,after,0.044552
tool,41-50-16,after,0.0305504
tool,41-50-16,after,0.0408666
tool,41-50-16,after,0.0459087
tool,41-50-16,after,0.0457621
tool,41-50-16,after,0.055154
tool,41-50-16,after,0.042223
tool,41-50-16,after,0.0416859
tool,41-50-16,after,0.0509677
tool,41-50-16,after,0.0668324
tool,41-50-16,after,0.0626633
tool,41-50-16,after,0.0528208
tool,41-50-16,after,0.0544055
tool,41-50-16,after,0.0398518
tool,41-50-16,after,0.0679993
tool,41-50-16,after,0.0539214
tool,41-50-16,after,0.0463978
tool,41-50-16,after,0.060424
tool,41-50-16,after,0.0494733
tool,41-50-16,after,0.0612541
tool,41-50-16,after,0.0447257
tool,41-50-16,after,0.0629261
tool,41-50-16,after,0.0527903
tool,41-50-16,after,0.0563238
tool,41-50-16,after,0.0647509
tool,41-50-16,after,0.0575498
tool,41-50-16,after,0.0844904
tool,41-50-16,after,0.0667978
tool,41-50-16,after,0.0886926
tool,41-50-16,after,0.0596353
tool,41-50-16,after,0.0548307
tool,41-50-16,after,0.0846053
tool,41-50-16,after,0.0538811
tool,41-50-16,after,0.06293
tool,41-50-16,after,0.0759119
tool,41-50-16,after,0.104113
tool,41-50-16,after,0.0947223
tool,41-50-16,after,0.0997278
tool,41-50-16,after,0.106808
tool,41-50-16,after,0.0742197
tool,41-50-16,after,0.0614108
tool,41-50-16,after,0.100445
tool,41-50-16,after,0.113598
tool,41-50-16,after,0.139748
tool,41-50-16,after,0.0687077
tool,41-50-16,after,0.0755817
tool,41-50-16,after,0.0775898
tool,41-50-16,after,0.203749
tool,41-50-16,after,0.106787
tool,41-50-16,after,0.0947245
tool,41-50-16,after,0.131581
tool,41-50-16,after,0.161757
tool,41-50-16,after,0.0971561
tool,41-50-16,after,0.0917914
tool,41-50-16,after,0.112429
tool,41-50-16,after,0.128085
tool,41-50-16,after,0.12671
tool,41-50-16,after,0.217112
tool,41-50-16,after,0.208764
tool,41-50-16,after,0.147642
tool,41-50-16,after,0.200229
tool,41-50-16,after,0.202843
tool,41-50-16,after,0.266777
tool,41-50-16,after,0.224753
tool,41-50-16,after,0.264645
tool,41-50-16,after,0.322944
